A,农、林、牧、渔业,,,
01,农业,, ,
011,  谷物种植,,,
0111,    稻谷种植,0111, 谷物的种植,  新增，将原0111分解
0112,    小麦种植,0111, 谷物的种植,  新增，将原0111分解
0113,    玉米种植,0111, 谷物的种植,  新增，将原0111分解
0119,    其他谷物种植,0111, 谷物的种植,  新增，将原0111分解
012,  豆类、油料和薯类种植,, ,
0121,    豆类种植,0114, 豆类的种植,
0122,    油料种植,0113, 油料的种植,
0123,    薯类种植,0112, 薯类的种植,
013,  棉、麻、糖、烟草种植,, ,
0131,    棉花种植,0115, 棉花的种植,
0132,    麻类种植,0116, 麻类的种植,
0133,    糖料种植,0117, 糖料的种植,
0134,    烟草种植,0118, 烟草的种植,
014,  蔬菜、食用菌及园艺作物种植,,,
0141,    蔬菜种植,0121, 蔬菜的种植,　内容变更，原0121部分内容调出
0142,    食用菌种植,0121, 蔬菜的种植,　新增，原0121部分内容调到此类
0143,    花卉种植,0122, 花卉的种植,
0149,    其他园艺作物种植,0123, 其他园艺作物的种植,
015,  水果种植,, ,
0151,        仁果类和核果类水果种植,0131, 水果、坚果的种植,  新增，将原0131分解
0152,    葡萄种植,0131, 水果、坚果的种植,  新增，将原0131分解
0153,    柑橘类种植,0131, 水果、坚果的种植,  新增，将原0131分解
0154,    香蕉等亚热带水果种植,0131, 水果、坚果的种植,  新增，将原0131分解
0159,    其他水果种植,0131, 水果、坚果的种植,  新增，将原0131分解
016,  坚果、含油果、香料和饮料作物种植,, ,
0161,    坚果种植,0131, 水果、坚果的种植,  新增，将原0131分解
0162,    含油果种植,0131, 水果、坚果的种植,  新增，将原0131分解
0163,    香料作物种植,0133,香料作物的种植,
0169,    茶及其他饮料作物种植,0132,茶及其他饮料作物的种植,
0170,  中药材种植,0140, 中药材的种植,
0190,  其他农业,0119,其他作物的种植,  更名
02,林业,, ,
021,  林木育种和育苗,, ,
0211,    林木育种,0211, 育种和育苗,  新增，将原0211分解
0212,    林木育苗,0211, 育种和育苗,  新增，将原0211分解
0220,  造林和更新,0212, 造林,  更名
0230,  森林经营和管护,0213, 林木的抚育和管理,  更名
024,  木材和竹材采运,, ,
0241,    木材采运,0221, 木材的采运,
0242,    竹材采运,0222, 竹材的采运,
025,  林产品采集,, ,
0251,    木竹材林产品采集,0230, 林产品的采集,  新增，将原0230分解
0252,    非木竹材林产品采集,0230, 林产品的采集,  新增，将原0230分解
03,畜牧业,, ,
031,  牲畜饲养,,,
0311,    牛的饲养,0310, 牲畜的饲养,  新增，将原0310分解
0312,    马的饲养,0310, 牲畜的饲养,  新增，将原0310分解
0313,    猪的饲养,0320, 猪的饲养,
0314,    羊的饲养,0310, 牲畜的饲养,  新增，将原0310分解
0315,    骆驼饲养,0310, 牲畜的饲养,  新增，将原0310分解
0319,    其他牲畜饲养,0310, 牲畜的饲养,  新增，将原0310分解
032,  家禽饲养,,,
0321,    鸡的饲养,0330, 家禽的饲养,  新增，将原0330分解
0322,    鸭的饲养,0330, 家禽的饲养,  新增，将原0330分解
0323,    鹅的饲养,0330, 家禽的饲养,  新增，将原0330分解
0329,    其他家禽饲养,0330, 家禽的饲养,  新增，将原0330分解
0330,  狩猎和捕捉动物,0340, 狩猎和捕捉动物,
0390,  其他畜牧业,0390, 其他畜牧业,
04,渔业,, ,
041,  水产养殖,, ,
0411,    海水养殖,0411, 海水养殖,
0412,    内陆养殖,0421, 内陆养殖,
042,  水产捕捞,,,
0421,    海水捕捞,0412, 海洋捕捞,
0422,    内陆捕捞,0422, 内陆捕捞,
05,农、林、牧、渔服务业,, ,
051,  农业服务业,, ,
0511,    农业机械服务,0519, 其他农业服务,  新增，原0519部分内容调到此类
0512,    灌溉服务,0511, 灌溉服务,
0513,    农产品初加工服务,0512, 农产品初加工服务, 
0519,    其他农业服务,0519, 其他农业服务,  内容变更，原0519部分内容调出
052,  林业服务业,, ,
0521,    林业有害生物防治服务,0520, 林业服务业,  新增，将原0520分解
0522,    森林防火服务,0520, 林业服务业,  新增，将原0520分解
0523,    林产品初级加工服务,0520, 林业服务业,  新增，将原0520分解
0529,    其他林业服务,0520, 林业服务业,  新增，将原0520分解
0530,  畜牧服务业,0539, 其他畜牧服务,  更名
0540,  渔业服务业,0540, 渔业服务业,
B,采矿业,, ,
06,煤炭开采和洗选业,, ,
0610,  烟煤和无烟煤开采洗选,0610, 烟煤和无烟煤的开采洗选,
0620,  褐煤开采洗选,0620, 褐煤的开采洗选,
0690,  其他煤炭采选,0690, 其他煤炭采选,　内容变更，原0690部分内容调出
07,石油和天然气开采业,, ,
0710,  石油开采,0710, 天然原油和天然气开采,  新增，将原0710分解
0720,  天然气开采,0710, 天然原油和天然气开采,  新增，将原0710分解
08,黑色金属矿采选业,, ,
0810,  铁矿采选,0810, 铁矿采选,
0820,  锰矿、铬矿采选,0890, 其他黑色金属矿采选,  新增，原0890部分内容调到此类
0890,  其他黑色金属矿采选,0890, 其他黑色金属矿采选,  内容变更，原0890部分内容调出
09,有色金属矿采选业,, ,
091,  常用有色金属矿采选,, ,
0911,    铜矿采选,0911, 铜矿采选,
0912,    铅锌矿采选,0912, 铅锌矿采选,
0913,    镍钴矿采选,0913, 镍钴矿采选,
0914,    锡矿采选,0914, 锡矿采选,
0915,    锑矿采选,0915, 锑矿采选,
0916,    铝矿采选,0916, 铝矿采选,
0917,    镁矿采选,0917, 镁矿采选,
0919,    其他常用有色金属矿采选,0919, 其他常用有色金属矿采选,
092,  贵金属矿采选,, ,
0921,    金矿采选,0921, 金矿采选,
0922,    银矿采选,0922, 银矿采选,
0929,    其他贵金属矿采选,0929, 其他贵金属矿采选,
093,  稀有稀土金属矿采选,, ,
0931,    钨钼矿采选,0931, 钨钼矿采选,
0932,    稀土金属矿采选,0932, 稀土金属矿采选,
0933,    放射性金属矿采选,0933, 放射性金属矿采选,
0939,    其他稀有金属矿采选,0939, 其他稀有金属矿采选,
10,非金属矿采选业,, ,
101,  土砂石开采,, ,
1011,    石灰石、石膏开采,1011, 石灰石、石膏开采,
1012,    建筑装饰用石开采,1012, 建筑装饰用石开采,
1013,    耐火土石开采,1013, 耐火土石开采,
1019,    粘土及其他土砂石开采,1019, 粘土及其他土砂石开采,
1020,  化学矿开采,1020, 化学矿采选,
1030,  采盐,1030, 采盐,
109,  石棉及其他非金属矿采选,, ,
1091,    石棉、云母矿采选,1091, 石棉、云母矿采选,
1092,    石墨、滑石采选,1092, 石墨、滑石采选,
1093,    宝石、玉石采选,1093, 宝石、玉石开采,
1099,    其他未列明非金属矿采选,1099, 其他非金属矿采选,  更名
11,开采辅助活动,, ,
1110,  煤炭开采和洗选辅助活动,0690,其他煤炭采选,  新增，原0690部分内容调到此类
1120,  石油和天然气开采辅助活动,0790, 与石油和天然气开采有关的服务活动,  更名
1190,  其他开采辅助活动,1100,其他采矿业,  新增，原1100部分内容调到此类
12,其他采矿业,, ,
1200,  其他采矿业,1100, 其他采矿业,  内容变更，原1100部分内容调出
C,制造业,, ,
13,农副食品加工业,, ,
1310,  谷物磨制,1310, 谷物磨制,
1320,  饲料加工     ,1320, 饲料加工,  内容变更，原1320对应此类，原1352部分内容到此类
,,1352, 肉制品及副产品加工,
133,  植物油加工,, ,
1331,    食用植物油加工,1331, 食用植物油加工,
1332,    非食用植物油加工,1332, 非食用植物油加工,
1340,  制糖业,1340, 制糖,
135,  屠宰及肉类加工,, ,
1351,    牲畜屠宰,1351, 畜禽屠宰,  新增，将原1351分解
1352,    禽类屠宰,1351, 畜禽屠宰,  新增，将原1351分解
1353,    肉制品及副产品加工,1352, 肉制品及副产品加工,  内容变更，原1352部分内容调出
136,  水产品加工,, ,
1361,    水产品冷冻加工,1361, 水产品冷冻加工,
1362,    鱼糜制品及水产品干腌制加工,1362, 鱼糜制品及水产品干腌制加工,
1363,    水产饲料制造,1363, 水产饲料制造,
1364,    鱼油提取及制品制造,1364, 鱼油提取及制品的制造,
1369,    其他水产品加工,1369, 其他水产品加工,
137,  蔬菜、水果和坚果加工,, ,
1371,    蔬菜加工,1370, 蔬菜、水果和坚果加工,  新增，将原1370分解
1372,    水果和坚果加工,1370, 蔬菜、水果和坚果加工,  新增，将原1370分解
139,  其他农副食品加工  ,, ,
1391,    淀粉及淀粉制品制造,1391, 淀粉及淀粉制品的制造,
1392,    豆制品制造,1392, 豆制品制造,
1393,    蛋品加工      ,1393, 蛋品加工,
1399,    其他未列明农副食品加工  ,1399, 其他未列明的农副食品加工,
14,食品制造业,, ,
141,  焙烤食品制造,, ,
1411,    糕点、面包制造,1411, 糕点、面包制造,
1419,    饼干及其他焙烤食品制造,1419, 饼干及其他焙烤食品制造,
142,  糖果、巧克力及蜜饯制造,, ,
1421,    糖果、巧克力制造,1421, 糖果、巧克力制造,
1422,    蜜饯制作,1422, 蜜饯制作,
143,  方便食品制造,, ,
1431,    米、面制品制造,1431, 米、面制品制造,
1432,    速冻食品制造,1432, 速冻食品制造,
1439,    方便面及其他方便食品制造,1439, 方便面及其他方便食品制造,
1440,  乳制品制造,1440, 液体乳及乳制品制造,  更名
145,  罐头食品制造,, ,
1451,    肉、禽类罐头制造,1451, 肉、禽类罐头制造,
1452,    水产品罐头制造,1452, 水产品罐头制造,
1453,    蔬菜、水果罐头制造,1453, 蔬菜、水果罐头制造,
1459,    其他罐头食品制造,1459, 其他罐头食品制造,
146,  调味品、发酵制品制造,, ,
1461,    味精制造,1461, 味精制造,
1462,    酱油、食醋及类似制品制造,1462, 酱油、食醋及类似制品的制造,
1469,    其他调味品、发酵制品制造,1469, 其他调味品、发酵制品制造,
149,  其他食品制造,, ,
1491,    营养食品制造,1491, 营养、保健食品制造,  新增，将原1491分解
1492,    保健食品制造,1491, 营养、保健食品制造,  新增，将原1491分解
1493,    冷冻饮品及食用冰制造,1492, 冷冻饮品及食用冰制造,
1494,    盐加工   ,1493, 盐加工,
1495,    食品及饲料添加剂制造,1494, 食品及饲料添加剂制造,
1499,    其他未列明食品制造,1499, 其他未列明的食品制造,
15,酒、饮料和精制茶制造业,, ,
151,  酒的制造,, ,
1511,    酒精制造,1510, 酒精制造,
1512,    白酒制造,1521, 白酒制造, 
1513,    啤酒制造,1522, 啤酒制造,
1514,    黄酒制造,1523, 黄酒制造,
1515,    葡萄酒制造,1524, 葡萄酒制造,
1519,    其他酒制造,1529, 其他酒制造,
152,  饮料制造,, ,
1521,    碳酸饮料制造,1531, 碳酸饮料制造,
1522,    瓶（罐）装饮用水制造,1532, 瓶（罐）装饮用水制造,
1523,    果菜汁及果菜汁饮料制造,1533, 果菜汁及果菜汁饮料制造,
1524,    含乳饮料和植物蛋白饮料制造,1534, 含乳饮料和植物蛋白饮料制造,
1525,    固体饮料制造,1535, 固体饮料制造,
1529,    茶饮料及其他饮料制造,1539, 茶饮料及其他软饮料制造,
1530,  精制茶加工,1540, 精制茶加工,
16,烟草制品业 ,, ,
1610,  烟叶复烤,1610, 烟叶复烤,
1620,  卷烟制造,1620, 卷烟制造,
1690,  其他烟草制品制造,1690, 其他烟草制品加工,
17,纺织业,, ,
171,  棉纺织及印染精加工,, ,
1711,    棉纺纱加工,1711, 棉、化纤纺织加工,  新增，将原1711分解
1712,    棉织造加工,1711, 棉、化纤纺织加工,  新增，将原1711分解
1713,    棉印染精加工,1712, 棉、化纤印染精加工,  更名
172,  毛纺织及染整精加工,, ,
1721,    毛条和毛纱线加工,1721, 毛条加工,  更名，内容变更，原1721归入此类，原1722部分内容调到此类
,,1722, 毛纺织,
1722,    毛织造加工,1722, 毛纺织,  更名，内容变更，原1722部分内容调出
1723,    毛染整精加工,1723, 毛染整精加工,
173,  麻纺织及染整精加工,, ,
1731,    麻纤维纺前加工和纺纱,1730, 麻纺织,  新增，将原1730分解
1732,    麻织造加工,1730, 麻纺织,  新增，将原1730分解
1733,    麻染整精加工,1730, 麻纺织,  新增，将原1730分解
174,  丝绢纺织及印染精加工,, ,
1741,    缫丝加工,1741, 缫丝加工,
1742,    绢纺和丝织加工,1742, 绢纺和丝织加工,　调整，将原1742部分内容调出
1743,    丝印染精加工,1743, 丝印染精加工,　调整，将原1743部分内容调出
175,  化纤织造及印染精加工,,,
1751,    化纤织造加工,1742,绢纺和丝织加工,  新增，将原1742部分内容调到此类
1752,    化纤织物染整精加工,1743,丝印染精加工,新增，将原1743部分内容调到此类
176,  针织或钩针编织物及其制品制造,, ,
1761,    针织或钩针编织物织造,1761, 棉、化纤针织品及编织品制造,  新增，原1761、1762、1763、1769部分内容调到此类
,,1762, 毛针织品及编织品制造,
,,1763, 丝针织品及编织品制造,
,,1769, 其他针织品及编织品制造,
1762,    针织或钩针编织物印染精加工,1761, 棉、化纤针织品及编织品制造,  新增，原1761、1762、1763、1763、1769部分内容调到此类
,,1762, 毛针织品及编织品制造,
,,1763, 丝针织品及编织品制造,
,,1769, 其他针织品及编织品制造,
1763,    针织或钩针编织品制造,1761, 棉、化纤针织品及编织品制造,  新增，原1761、1762、1763、1763、1769部分内容调到此类
,,1762, 毛针织品及编织品制造,
,,1763, 丝针织品及编织品制造,
,,1769, 其他针织品及编织品制造,
177,  家用纺织制成品制造,, ,
1771,    床上用品制造,1751, 棉及化纤制品制造,  新增，原1751、1752、1753、1754、1759部分内容调到此类
,,1752, 毛制品制造,
,,1753, 麻制品制造,
,,1754, 丝制品制造,
,,1759, 其他纺织制成品制造,
1772,    毛巾类制品制造,1751, 棉及化纤制品制造,  新增，原1751、1752、1753、1754、1759部分内容调到此类
,,1752, 毛制品制造,
,,1753, 麻制品制造,
,,1754, 丝制品制造,
,,1759, 其他纺织制成品制造,
1773,    窗帘、布艺类产品制造,1751, 棉及化纤制品制造,  新增，原1751、1752、1753、1754、1759部分内容调到此类
,,1752, 毛制品制造,
,,1753, 麻制品制造,
,,1754, 丝制品制造,
,,1759, 其他纺织制成品制造,
1779,    其他家用纺织制成品制造,1751, 棉及化纤制品制造,  新增，原1751、1752、1753、1754、1759部分内容调到此类
,,1752, 毛制品制造,
,,1753, 麻制品制造,
,,1754, 丝制品制造,
,,1759, 其他纺织制成品制造,
178,  非家用纺织制成品制造,, ,
1781,    非织造布制造,1757, 无纺布制造,  更名
1782,    绳、索、缆制造,1755, 绳、索、缆的制造,
1783,    纺织带和帘子布制造,1756, 纺织带和帘子布制造,
1784,    篷、帆布制造,1751, 棉及化纤制品制造,  新增，原1751、1759部分内容调到此类
,,1759, 其他纺织制成品制造,
1789,    其他非家用纺织制成品制造,1759, 其他纺织制成品制造,  新增，原1759部分内容调到此类
18,纺织服装、服饰业,, ,
1810,  机织服装制造,1810, 纺织服装制造,
1820,  针织或钩针编织服装制造,1761, 棉、化纤针织品及编织品制造,  新增，原1761、1762、1763、1769部分内容调到此类
,,1762, 毛针织品及编织品制造,
,,1763, 丝针织品及编织品制造,
,,1769, 其他针织品及编织品制造,
1830,  服饰制造,1751,棉及化纤制品制造,  新增，原1751、1761、1762、1763部分内容调到此类，原1830 调到此类
,,1761, 棉、化纤针织品及编织品制造,
,,1762, 毛针织品及编织品制造,
,,1763, 丝针织品及编织品制造,
,,1830, 制帽,
19,皮革、毛皮、羽毛及其制品和制鞋业,,,
1910,  皮革鞣制加工,1910, 皮革鞣制加工,
192,  皮革制品制造,, ,
1921,    皮革服装制造,1922, 皮革服装制造,
1922,    皮箱、包(袋)制造,1923, 皮箱、包(袋)制造,
1923,    皮手套及皮装饰制品制造 ,1924, 皮手套及皮装饰制品制造,
1929,    其他皮革制品制造,1929, 其他皮革制品制造,
193,  毛皮鞣制及制品加工,, ,
1931,    毛皮鞣制加工,1931, 毛皮鞣制加工,
1932,    毛皮服装加工,1932, 毛皮服装加工,
1939,    其他毛皮制品加工,1939, 其他毛皮制品加工,
194,  羽毛(绒)加工及制品制造,, ,
1941,    羽毛(绒)加工,1941, 羽毛(绒)加工,
1942,    羽毛(绒)制品加工,1942, 羽毛(绒)制品加工,
195,  制鞋业,, ,
1951,    纺织面料鞋制造,1820, 纺织面料鞋的制造,  调整，从原“18 纺织服装、鞋、帽制造业”调到此类 
1952,    皮鞋制造,1921, 皮鞋制造,  内容变更，原1921部分内容调出
1953,    塑料鞋制造,3081, 塑料鞋制造,  调整，从原“30 塑料制品业”调到此类 
1954,    橡胶鞋制造,2960, 橡胶靴鞋制造,  调整，从原“29 橡胶制品业”调到此类
1959,    其他制鞋业,1921, 皮鞋制造,  新增，原1921部分内容调到此类
20,木材加工和木、竹、藤、棕、草制品业,, ,
201,  木材加工,, ,
2011,    锯材加工,2011, 锯材加工,
2012,    木片加工,2012, 木片加工,
2013,    单板加工,2029,其他人造板、材制造,"  新增,原2029部分内容调到此处"
2019,    其他木材加工,2029,其他人造板、材制造,"  新增,原2029部分内容调到此处"
202,  人造板制造,, , 
2021,    胶合板制造,2021, 胶合板制造,
2022,    纤维板制造,2022, 纤维板制造,
2023,    刨花板制造,2023, 刨花板制造,
2029,    其他人造板制造,2029, 其他人造板、材制造,"  内容变更,原2029部分内容调出"
203,  木制品制造,, ,
2031,    建筑用木料及木材组件加工,2031, 建筑用木料及木材组件加工,"  内容变更,原2031部分内容调出"
2032,    木门窗、楼梯制造,2031, 建筑用木料及木材组件加工,"  新增,原2031部分内容调到此处"
2033,    地板制造,2031, 建筑用木料及木材组件加工,"  新增,原2031部分内容调到此处"
2034,    木制容器制造,2032, 木容器制造,
2039,    软木制品及其他木制品制造,2039, 软木制品及其他木制品制造,
204,  竹、藤、棕、草等制品制造,, ,
2041,    竹制品制造,2040, 竹、藤、棕、草制品制造,  新增，将原2040分解
2042,    藤制品制造,2040, 竹、藤、棕、草制品制造,  新增，将原2040分解
2043,    棕制品制造,2040, 竹、藤、棕、草制品制造,  新增，将原2040分解
2049,    草及其他制品制造,2040, 竹、藤、棕、草制品制造,  新增，将原2040分解
21,家具制造业 ,, ,
2110,  木质家具制造,2110, 木质家具制造,
2120,  竹、藤家具制造,2120, 竹、藤家具制造,
2130,  金属家具制造,2130, 金属家具制造,
2140,  塑料家具制造,2140, 塑料家具制造,
2190,  其他家具制造,2190, 其他家具制造,
22,造纸和纸制品业 ,, ,
221,  纸浆制造,, ,
2211,    木竹浆制造,2210, 纸浆制造,  新增，将原2210分解
2212,    非木竹浆制造,2210, 纸浆制造,  新增，将原2210分解
222,  造纸,, ,
2221,    机制纸及纸板制造,2221, 机制纸及纸板制造,
2222,    手工纸制造,2222, 手工纸制造,
2223,    加工纸制造,2223, 加工纸制造,
223,  纸制品制造,, ,
2231,    纸和纸板容器制造,2231, 纸和纸板容器的制造,
2239,    其他纸制品制造,2239, 其他纸制品制造,
23,印刷和记录媒介复制业,, ,
231,  印刷,, ,
2311,    书、报刊印刷,2311, 书、报、刊印刷,
2312,    本册印制,2312, 本册印制,
2319,    包装装潢及其他印刷,2319, 包装装潢及其他印刷,
2320,  装订及印刷相关服务,2320, 装订及其他印刷服务活动,
2330,  记录媒介复制,2330, 记录媒介的复制,
24,文教、工美、体育和娱乐用品制造业,, ,
241,  文教办公用品制造,, ,
2411,    文具制造,2411, 文具制造,
2412,    笔的制造,2412, 笔的制造,
2413,    教学用模型及教具制造,2413, 教学用模型及教具制造,
2414,    墨水、墨汁制造,2414, 墨水、墨汁制造,
2419,    其他文教办公用品制造,2419, 其他文化用品制造,  更名
242,  乐器制造,, ,
2421,    中乐器制造,2431, 中乐器制造,
2422,    西乐器制造,2432, 西乐器制造,
2423,    电子乐器制造,2433, 电子乐器制造,
2429,    其他乐器及零件制造,2439, 其他乐器及零件制造,
243,  工艺美术品制造,, ,
2431,    雕塑工艺品制造,4211, 雕塑工艺品制造,
2432,    金属工艺品制造,4212, 金属工艺品制造,
2433,    漆器工艺品制造,4213, 漆器工艺品制造,
2434,    花画工艺品制造,4214, 花画工艺品制造,
2435,    天然植物纤维编织工艺品制造,4215, 天然植物纤维编织工艺品制造,
2436,    抽纱刺绣工艺品制造,4216, 抽纱刺绣工艺品制造,
2437,    地毯、挂毯制造,4217, 地毯、挂毯制造,
2438,    珠宝首饰及有关物品制造,4218, 珠宝首饰及有关物品的制造,
2439,    其他工艺美术品制造,4219, 其他工艺美术品制造,
244,  体育用品制造,, ,
2441,    球类制造,2421, 球类制造,
2442,    体育器材及配件制造,2422, 体育器材及配件制造,
2443,    训练健身器材制造,2423, 训练健身器材制造,
2444,    运动防护用具制造,2424, 运动防护用具制造,
2449,    其他体育用品制造,2429, 其他体育用品制造,
2450,  玩具制造,2440, 玩具制造,
246,  游艺器材及娱乐用品制造,, ,
2461,    露天游乐场所游乐设备制造,2451, 露天游乐场所游乐设备制造,
2462,    游艺用品及室内游艺器材制造,2452, 游艺用品及室内游艺器材制造,  内容变更，原2452部分内容调出
2469,    其他娱乐用品制造,2452, 游艺用品及室内游艺器材制造,  新增，原2452部分内容调到此类
25,石油加工、炼焦和核燃料加工业 ,, ,
251,  精炼石油产品制造,, ,
2511,    原油加工及石油制品制造,2511, 原油加工及石油制品制造,   
2512,    人造原油制造,2512, 人造原油生产,
2520,  炼焦,2520, 炼焦,
2530,  核燃料加工,2530, 核燃料加工,
26,化学原料和化学制品制造业,, ,
261,  基础化学原料制造,, ,
2611,    无机酸制造,2611, 无机酸制造,
2612,    无机碱制造,2612, 无机碱制造,
2613,    无机盐制造,2613, 无机盐制造,
2614,    有机化学原料制造,2614, 有机化学原料制造,
2619,    其他基础化学原料制造,2619, 其他基础化学原料制造,
262,  肥料制造,, ,
2621,    氮肥制造,2621, 氮肥制造,
2622,    磷肥制造,2622, 磷肥制造,
2623,    钾肥制造,2623, 钾肥制造,
2624,    复混肥料制造,2624, 复混肥料制造,
2625,    有机肥料及微生物肥料制造,2625, 有机肥料及微生物肥料制造,
2629,    其他肥料制造,2629, 其他肥料制造,
263,  农药制造,, ,
2631,    化学农药制造,2631, 化学农药制造,
2632,    生物化学农药及微生物农药制造,2632, 生物化学农药及微生物农药制造,
264,  涂料、油墨、颜料及类似产品制造,, ,
2641,    涂料制造,2641, 涂料制造,
2642,    油墨及类似产品制造,2642, 油墨及类似产品制造,
2643,    颜料制造,2643, 颜料制造,
2644,    染料制造,2644, 染料制造,
2645,    密封用填料及类似品制造,2645, 密封用填料及类似品制造,
265,  合成材料制造,, ,
2651,    初级形态塑料及合成树脂制造,2651, 初级形态的塑料及合成树脂制造,
2652,    合成橡胶制造,2652, 合成橡胶制造,
2653,    合成纤维单(聚合)体制造,2653, 合成纤维单(聚合)体的制造,
2659,    其他合成材料制造,2659, 其他合成材料制造,  内容变更，原2659归入此类，原2662、2669部分内容调到此类
,,2662, 专项化学用品制造,
,,2669, 其他专用化学产品制造,
266,  专用化学产品制造,, ,
2661,    化学试剂和助剂制造,2661, 化学试剂和助剂制造,
2662,    专项化学用品制造,2662, 专项化学用品制造,  内容变更，原2662部分内容调出
2663,    林产化学产品制造,2663, 林产化学产品制造,
2664,    信息化学品制造,2665, 信息化学品制造,
2665,    环境污染处理专用药剂材料制造,2666, 环境污染处理专用药剂材料制造,
2666,    动物胶制造,2667, 动物胶制造,
2669,    其他专用化学产品制造    ,2662, 专项化学用品制造,  内容变更，原2662部分内容调到此类，原2669部分内容调出
,,2669, 其他专用化学产品制造,
267,  炸药、火工及焰火产品制造,, ,
2671,    炸药及火工产品制造,2664, 炸药及火工产品制造,  内容变更，原2664部分内容调出
2672,    焰火、鞭炮产品制造 ,2664, 炸药及火工产品制造,  新增，原2664部分内容调到此类
268,  日用化学产品制造,, ,
2681,    肥皂及合成洗涤剂制造,2662, 专项化学用品制造,  内容变更，原2662部分内容调到此类，原2671归入此类
,,2671, 肥皂及合成洗涤剂制造,
2682,    化妆品制造,2672, 化妆品制造,
2683,    口腔清洁用品制造,2673, 口腔清洁用品制造,
2684,    香料、香精制造,2674, 香料、香精制造,
2689,    其他日用化学产品制造,2679, 其他日用化学产品制造,
27,医药制造业 ,, ,
2710,  化学药品原料药制造,2710, 化学药品原药制造,
2720,  化学药品制剂制造,2720, 化学药品制剂制造,
2730,  中药饮片加工,2730, 中药饮片加工,
2740,  中成药生产,2740, 中成药制造,
2750,  兽用药品制造,2750, 兽用药品制造,
2760,  生物药品制造,2760, 生物、生化制品的制造,  更名
2770,  卫生材料及医药用品制造,2770, 卫生材料及医药用品制造,
28,化学纤维制造业,, ,
281,  纤维素纤维原料及纤维制造,, ,
2811,    化纤浆粕制造,2811, 化纤浆粕制造,
2812,    人造纤维（纤维素纤维）制造,2812, 人造纤维（纤维素纤维）制造,
282,  合成纤维制造,, ,
2821,    锦纶纤维制造,2821, 锦纶纤维制造,
2822,    涤纶纤维制造,2822, 涤纶纤维制造,
2823,    腈纶纤维制造,2823, 腈纶纤维制造,
2824,    维纶纤维制造,2824, 维纶纤维制造,
2825,    丙纶纤维制造,2829, 其他合成纤维制造,  新增，原2829部分内容调到此类
2826,    氨纶纤维制造,2829, 其他合成纤维制造,  新增，原2829部分内容调到此类
2829,    其他合成纤维制造,2829, 其他合成纤维制造,  内容变更，原2829部分内容调出
29,橡胶和塑料制品业,, ,
291,  橡胶制品业,,,
2911,    轮胎制造,2911, 车辆、飞机及工程机械轮胎制造,  调整，原中类调整为小类，原2911、2912、2913小类合并
,,2912, 力车胎制造,
,,2913, 轮胎翻新加工,
2912,    橡胶板、管、带制造,2920, 橡胶板、管、带的制造,
2913,    橡胶零件制造,2930, 橡胶零件制造,
2914,    再生橡胶制造,2940, 再生橡胶制造,
2915,    日用及医用橡胶制品制造,2950, 日用及医用橡胶制品制造,
2919,    其他橡胶制品制造,2990, 其他橡胶制品制造,
292,  塑料制品业,, ,
2921,    塑料薄膜制造,3010, 塑料薄膜制造,
2922,    塑料板、管、型材制造,3020, 塑料板、管、型材的制造,
2923,    塑料丝、绳及编织品制造,3030, 塑料丝、绳及编织品的制造,
2924,    泡沫塑料制造,3040, 泡沫塑料制造,
2925,    塑料人造革、合成革制造,3050, 塑料人造革、合成革制造,
2926,    塑料包装箱及容器制造,3060, 塑料包装箱及容器制造,
2927,    日用塑料制品制造,3082, 日用塑料杂品制造,
2928,    塑料零件制造,3070, 塑料零件制造,
2929,    其他塑料制品制造,3090, 其他塑料制品制造,
30,非金属矿物制品业,, ,
301,  水泥、石灰和石膏制造,, ,
3011,    水泥制造,3111, 水泥制造,
3012,    石灰和石膏制造,3112, 石灰和石膏制造,
302,  石膏、水泥制品及类似制品制造,, ,  更名
3021,    水泥制品制造,3121, 水泥制品制造,
3022,    砼结构构件制造,3122, 砼结构构件制造,
3023,    石棉水泥制品制造,3123, 石棉水泥制品制造,
3024,    轻质建筑材料制造,3124, 轻质建筑材料制造,
3029,    其他水泥类似制品制造,3129, 其他水泥制品制造,
303,  砖瓦、石材等建筑材料制造,, ,
3031,    粘土砖瓦及建筑砌块制造,3131, 粘土砖瓦及建筑砌块制造,
3032,    建筑陶瓷制品制造,3132, 建筑陶瓷制品制造,
3033,    建筑用石加工,3133, 建筑用石加工,
3034,    防水建筑材料制造,3134, 防水建筑材料制造,
3035,    隔热和隔音材料制造,3135, 隔热和隔音材料制造,
3039,    其他建筑材料制造,3139, 其他建筑材料制造,
304,  玻璃制造,, ,
3041,    平板玻璃制造,3141, 平板玻璃制造,  内容变更，原3141部分内容调出
3049,    其他玻璃制造,3141, 平板玻璃制造,  新增，原3141、3142部分内容调到此类
,,3142,技术玻璃制品制造,
305,  玻璃制品制造,,,
3051,    技术玻璃制品制造,3142, 技术玻璃制品制造,　内容变更，原3142部分内容调出
3052,    光学玻璃制造,3143, 光学玻璃制造,
3053,    玻璃仪器制造,3144, 玻璃仪器制造,
3054,    日用玻璃制品制造,3145, 日用玻璃制品及玻璃包装容器制造,  新增，将原3145分解
3055,    玻璃包装容器制造,3145, 日用玻璃制品及玻璃包装容器制造,  新增，将原3145分解
3056,    玻璃保温容器制造,3146, 玻璃保温容器制造,
3057,    制镜及类似品加工,4221, 制镜及类似品加工,
3059,    其他玻璃制品制造,3149, 其他玻璃制品制造,
306,  玻璃纤维和玻璃纤维增强塑料制品制造,, ,
3061,    玻璃纤维及制品制造,3147, 玻璃纤维及制品制造,
3062,    玻璃纤维增强塑料制品制造,3148, 玻璃纤维增强塑料制品制造,
307,  陶瓷制品制造,, ,
3071,    卫生陶瓷制品制造,3151, 卫生陶瓷制品制造,
3072,    特种陶瓷制品制造,3152, 特种陶瓷制品制造,
3073,    日用陶瓷制品制造,3153, 日用陶瓷制品制造,
3079,    园林、陈设艺术及其他陶瓷制品制造,3159, 园林、陈设艺术及其他陶瓷制品制造,
308,  耐火材料制品制造,, ,
3081,    石棉制品制造,3161, 石棉制品制造,
3082,    云母制品制造  ,3162, 云母制品制造,
3089,    耐火陶瓷制品及其他耐火材料制造,3169, 耐火陶瓷制品及其他耐火材料制造,
309,  石墨及其他非金属矿物制品制造,, ,
3091,    石墨及碳素制品制造,3191, 石墨及碳素制品制造,
3099,    其他非金属矿物制品制造,3199, 其他非金属矿物制品制造,
31,黑色金属冶炼和压延加工业 ,, ,
3110,  炼铁,3210, 炼铁,
3120,  炼钢,3220, 炼钢,
3130,  黑色金属铸造,3591, 钢铁铸件制造,  更名，调整，从原“35 通用设备制造业”调到此类
3140,  钢压延加工,3230, 钢压延加工,
3150,  铁合金冶炼,3240, 铁合金冶炼,
32,有色金属冶炼和压延加工业 ,, ,
321,  常用有色金属冶炼,, ,
3211,    铜冶炼,3311, 铜冶炼,
3212,    铅锌冶炼,3312, 铅锌冶炼,
3213,    镍钴冶炼,3313, 镍钴冶炼,
3214,    锡冶炼,3314, 锡冶炼,
3215,    锑冶炼,3315, 锑冶炼,
3216,    铝冶炼,3316, 铝冶炼,
3217,    镁冶炼,3317, 镁冶炼,
3219,    其他常用有色金属冶炼,3319, 其他常用有色金属冶炼,  内容变更，原3319部分内容调出
322,  贵金属冶炼,, ,
3221,    金冶炼,3321, 金冶炼,
3222,    银冶炼,3322, 银冶炼,
3229,    其他贵金属冶炼,3329, 其他贵金属冶炼,  内容变更，原3329部分内容调出
323,  稀有稀土金属冶炼,, ,
3231,    钨钼冶炼,3331, 钨钼冶炼,
3232,    稀土金属冶炼,3332, 稀土金属冶炼,  内容变更，原3332部分内容调出
3239,    其他稀有金属冶炼,3339, 其他稀有金属冶炼,  内容变更，原3339部分内容调出
3240,  有色金属合金制造,3340, 有色金属合金制造,
3250,  有色金属铸造,3319, 其他常用有色金属冶炼,  新增，原3319、3329、3332、3339部分内容调到此类
,,3329, 其他贵金属冶炼,
,,3332, 稀土金属冶炼,
,,3339, 其他稀有金属冶炼,
326,  有色金属压延加工,, ,
3261,    铜压延加工,3351, 常用有色金属压延加工,  新增，将原3351分解
3262,    铝压延加工,3351, 常用有色金属压延加工,  新增，将原3351分解
3263,    贵金属压延加工,3352, 贵金属压延加工,
3264,    稀有稀土金属压延加工,3353, 稀有稀土金属压延加工,
3269,    其他有色金属压延加工,3351, 常用有色金属压延加工,  新增，将原3351分解
33,金属制品业 ,, ,
331,  结构性金属制品制造,, ,
3311,    金属结构制造,3411, 金属结构制造,
3312,    金属门窗制造,3412, 金属门窗制造,
332,  金属工具制造,, ,
3321,    切削工具制造,3421, 切削工具制造,
3322,    手工具制造,3422, 手工具制造,
3323,    农用及园林用金属工具制造,3423, 农用及园林用金属工具制造,
3324,    刀剪及类似日用金属工具制造,3424, 刀剪及类似日用金属工具制造,
3329,    其他金属工具制造,3429, 其他金属工具制造,
333,  集装箱及金属包装容器制造,, ,
3331,    集装箱制造,3431, 集装箱制造,
3332,    金属压力容器制造,3432, 金属压力容器制造,
3333,    金属包装容器制造,3433, 金属包装容器制造,
3340,  金属丝绳及其制品制造,3440, 金属丝绳及其制品的制造,
335,  建筑、安全用金属制品制造,, ,
3351,    建筑、家具用金属配件制造,3451, 建筑、家具用金属配件制造,
3352,    建筑装饰及水暖管道零件制造,3452, 建筑装饰及水暖管道零件制造,  内容变更，原3452部分内容调出
3353,    安全、消防用金属制品制造,3453, 安全、消防用金属制品制造,
3359,    其他建筑、安全用金属制品制造,3459, 其他建筑、安全用金属制品制造,
3360,  金属表面处理及热处理加工,3460, 金属表面处理及热处理加工,
337,  搪瓷制品制造,, ,
3371,    生产专用搪瓷制品制造,3471, 工业生产配套用搪瓷制品制造,  更名
3372,    建筑装饰搪瓷制品制造,3452, 建筑装饰及水暖管道零件制造,  新增，原3452部分内容调到此类
3373,    搪瓷卫生洁具制造,3472, 搪瓷卫生洁具制造,
3379,    搪瓷日用品及其他搪瓷制品制造,3479, 搪瓷日用品及其他搪瓷制品制造,
338,  金属制日用品制造,, ,
3381,    金属制厨房用器具制造,3481, 金属制厨房调理及卫生器具制造,  新增，将原3481分解
3382,    金属制餐具和器皿制造,3482, 金属制厨用器皿及餐具制造,  更名
3383,    金属制卫生器具制造,3481, 金属制厨房调理及卫生器具制造,  新增，将原3481分解
3389,    其他金属制日用品制造,3489, 其他日用金属制品制造,
339,  其他金属制品制造,, ,
3391,    锻件及粉末冶金制品制造,3592, 锻件及粉末冶金制品制造,  调整，从原“35 通用设备制造业”调到此类
3392,    交通及公共管理用金属标牌制造,3792, 交通管理用金属标志及设施制造,  更名，调整，从原“37 交通运输设备制造业”调到此类
3399,    其他未列明金属制品制造,3491, 铸币及贵金属制实验室用品制造,  内容变更，原3491、3499、3663归入此类
,,3499, 其他未列明的金属制品制造,
,,3663, 武器弹药制造,
34,通用设备制造业,, ,
341,  锅炉及原动设备制造,, ,
3411,    锅炉及辅助设备制造,3511, 锅炉及辅助设备制造,
3412,    内燃机及配件制造,3512, 内燃机及配件制造,
3413,    汽轮机及辅机制造,3513, 汽轮机及辅机制造,
3414,    水轮机及辅机制造,3514, 水轮机及辅机制造,
3415,    风能原动设备制造,3519, 其他原动机制造,  新增，原3519部分内容调到此类
3419,    其他原动设备制造,3519, 其他原动机制造,  内容变更，原3519部分内容调出
342,  金属加工机械制造,, ,
3421,    金属切削机床制造,3521, 金属切削机床制造,
3422,    金属成形机床制造,3522, 金属成形机床制造,
3423,    铸造机械制造,3523, 铸造机械制造,
3424,    金属切割及焊接设备制造,3524, 金属切割及焊接设备制造,
3425,    机床附件制造,3525, 机床附件制造,
3429,    其他金属加工机械制造,3529, 其他金属加工机械制造,
343,  物料搬运设备制造,, ,  更名
3431,    轻小型起重设备制造,3530, 起重运输设备制造,  新增，将原3530分解
3432,    起重机制造,3530, 起重运输设备制造,  新增，将原3530分解
3433,    生产专用车辆制造,3530, 起重运输设备制造,  新增，将原3530分解
3434,    连续搬运设备制造,3530, 起重运输设备制造,  新增，将原3530分解
3435,    电梯、自动扶梯及升降机制造,3530, 起重运输设备制造,  新增，将原3530分解
3439,    其他物料搬运设备制造,3530, 起重运输设备制造,  新增，将原3530分解
344,  泵、阀门、压缩机及类似机械制造,, ,
3441,    泵及真空设备制造,3541, 泵及真空设备制造,
3442,    气体压缩机械制造,3542, 气体压缩机械制造,
3443,    阀门和旋塞制造,3543, 阀门和旋塞的制造,
3444,    液压和气压动力机械及元件制造,3544, 液压和气压动力机械及元件制造,
345,  轴承、齿轮和传动部件制造,, ,
3451,    轴承制造,3551, 轴承制造,
3452,    齿轮及齿轮减、变速箱制造,3552, 齿轮、传动和驱动部件制造,  新增，将原3552分解
3459,    其他传动部件制造,3552, 齿轮、传动和驱动部件制造,  新增，将原3552分解
346,  烘炉、风机、衡器、包装等设备制造,, ,
3461,    烘炉、熔炉及电炉制造,3560, 烘炉、熔炉及电炉制造,
3462,    风机、风扇制造,3571, 风机、风扇制造,
3463,    气体、液体分离及纯净设备制造,3572, 气体、液体分离及纯净设备制造,
3464,    制冷、空调设备制造,3573, 制冷、空调设备制造,
3465,    风动和电动工具制造,3574, 风动和电动工具制造,
3466,    喷枪及类似器具制造 ,3575, 喷枪及类似器具制造,
3467,    衡器制造,3577, 衡器制造,
3468,    包装专用设备制造,3576, 包装专用设备制造,
347,  文化、办公用机械制造,, ,
3471,    电影机械制造,4151, 电影机械制造,
3472,    幻灯及投影设备制造,4152, 幻灯及投影设备制造,
3473,    照相机及器材制造,4153, 照相机及器材制造,
3474,    复印和胶印设备制造,4154, 复印和胶印设备制造,
3475,    计算器及货币专用设备制造,4155, 计算器及货币专用设备制造,
3479,    其他文化、办公用机械制造,4159, 其他文化、办公用机械制造,
348,  通用零部件制造,, ,
3481,    金属密封件制造,3581, 金属密封件制造,
3482,    紧固件制造,3582, 紧固件、弹簧制造,  新增，将原3582分解
3483,    弹簧制造,3582, 紧固件、弹簧制造,  新增，将原3582分解
3484,    机械零部件加工,3583, 机械零部件加工及设备修理,  更名，内容变更，原3583部分内容调出
3489,    其他通用零部件制造,3589, 其他通用零部件制造,
3490,  其他通用设备制造业,3579, 其他通用设备制造,
35,专用设备制造业 ,, ,
351,  采矿、冶金、建筑专用设备制造,, ,
3511,    矿山机械制造,3611, 采矿、采石设备制造,
3512,    石油钻采专用设备制造,3612, 石油钻采专用设备制造,  内容变更，原3612部分内容调出
3513,    建筑工程用机械制造,3613, 建筑工程用机械制造,  内容变更，原3613部分内容调出
3514,    海洋工程专用设备制造,3612, 石油钻采专用设备制造,  新增，原3612、3613、3759部分内容调到此类
,,3613, 建筑工程用机械制造,
,,3759, 航标器材及其他浮动装置的制造,
3515,    建筑材料生产专用机械制造,3614, 建筑材料生产专用机械制造,
3516,    冶金专用设备制造,3615, 冶金专用设备制造,
352,  化工、木材、非金属加工专用设备制造,, ,
3521,    炼油、化工生产专用设备制造,3621, 炼油、化工生产专用设备制造,
3522,    橡胶加工专用设备制造,3622, 橡胶加工专用设备制造,
3523,    塑料加工专用设备制造,3623, 塑料加工专用设备制造,
3524,    木材加工机械制造,3624, 木材加工机械制造,
3525,    模具制造,3625, 模具制造,
3529,    其他非金属加工专用设备制造,3629, 其他非金属加工专用设备制造,
353,  食品、饮料、烟草及饲料生产专用设备制造　　　,, ,
3531,    食品、酒、饮料及茶生产专用设备制造,3631, 食品、饮料、烟草工业专用设备制造,  更名，内容变更，原3631部分内容调出
3532,    农副食品加工专用设备制造,3632, 农副食品加工专用设备制造,
3533,    烟草生产专用设备制造,3631, 食品、饮料、烟草工业专用设备制造,  新增，原3631部分内容调到此类
3534,    饲料生产专用设备制造,3633, 饲料生产专用设备制造,
354,  印刷、制药、日化及日用品生产专用设备制造,, ,
3541,    制浆和造纸专用设备制造,3641, 制浆和造纸专用设备制造,
3542,    印刷专用设备制造,3642, 印刷专用设备制造,
3543,    日用化工专用设备制造,3643, 日用化工专用设备制造,
3544,    制药专用设备制造,3644, 制药专用设备制造,
3545,    照明器具生产专用设备制造,3645, 照明器具生产专用设备制造,
3546,    玻璃、陶瓷和搪瓷制品生产专用设备制造,3646, 玻璃、陶瓷和搪瓷制品生产专用设备制造,
3549,    其他日用品生产专用设备制造,3649, 其他日用品生产专用设备制造,
355,  纺织、服装和皮革加工专用设备制造,, ,
3551,    纺织专用设备制造,3651, 纺织专用设备制造,
3552,    皮革、毛皮及其制品加工专用设备制造,3652, 皮革、毛皮及其制品加工专用设备制造,
3553,    缝制机械制造,3653, 缝纫机械制造,  内容变更，原3653归入此类，原3659被分解，部分内容调到此类
,,3659, 其他服装加工专用设备制造,
3554,    洗涤机械制造,3659, 其他服装加工专用设备制造,  新增，原3659部分内容调到此类
356,  电子和电工机械专用设备制造,, ,
3561,    电工机械专用设备制造,3661, 电工机械专用设备制造,
3562,    电子工业专用设备制造,3662, 电子工业专用设备制造,
357,  农、林、牧、渔专用机械制造,, ,
3571,    拖拉机制造,3671, 拖拉机制造,
3572,    机械化农业及园艺机具制造,3672, 机械化农业及园艺机具制造,
3573,    营林及木竹采伐机械制造,3673, 营林及木竹采伐机械制造,
3574,    畜牧机械制造,3674, 畜牧机械制造,
3575,    渔业机械制造,3675, 渔业机械制造,
3576,    农林牧渔机械配件制造,3676, 农林牧渔机械配件制造,
3577,    棉花加工机械制造,3679, 其他农林牧渔业机械制造及机械修理,  新增，原3679部分内容调到此类
3579,    其他农、林、牧、渔业机械制造,3679, 其他农林牧渔业机械制造及机械修理,  内容变更，原3679部分内容调出
358,  医疗仪器设备及器械制造,, ,
3581,    医疗诊断、监护及治疗设备制造,3681, 医疗诊断、监护及治疗设备制造,
3582,    口腔科用设备及器具制造,3682, 口腔科用设备及器具制造,
3583,    医疗实验室及医用消毒设备和器具制造,3683, 实验室及医用消毒设备和器具的制造,
3584,    医疗、外科及兽医用器械制造,3684, 医疗、外科及兽医用器械制造,
3585,    机械治疗及病房护理设备制造,3685, 机械治疗及病房护理设备制造,
3586,    假肢、人工器官及植（介）入器械制造,3686, 假肢、人工器官及植（介）入器械制造,
3589,    其他医疗设备及器械制造,3689, 其他医疗设备及器械制造,
359,  环保、社会公共服务及其他专用设备制造,, ,
3591,    环境保护专用设备制造,3691, 环境污染防治专用设备制造,
3592,    地质勘查专用设备制造,3692, 地质勘查专用设备制造,
3593,    邮政专用机械及器材制造,3693, 邮政专用机械及器材制造,
3594,    商业、饮食、服务专用设备制造,3694, 商业、饮食、服务业专用设备制造,
3595,    社会公共安全设备及器材制造,3695, 社会公共安全设备及器材制造,
3596,    交通安全、管制及类似专用设备制造,3696, 交通安全及管制专用设备制造,  内容变更，原3696部分内容调出
3597,    水资源专用机械制造,3697, 水资源专用机械制造,
3599,    其他专用设备制造,3699, 其他专用设备制造,  内容变更，原3699部分内容调出
36,汽车制造业,, ,
3610,  汽车整车制造,3721, 汽车整车制造,  内容变更，原3721部分内容调出
3620,  改装汽车制造,3722, 改装汽车制造,
3630,  低速载货汽车制造,3721, 汽车整车制造,  新增，原3721部分内容调到此类
3640,  电车制造,3723, 电车制造,
3650,  汽车车身、挂车制造,3724, 汽车车身、挂车的制造,
3660,  汽车零部件及配件制造,3725, 汽车零部件及配件制造,
37,铁路、船舶、航空航天和其他运输设备制造业,, ,
371,  铁路运输设备制造,, ,
3711,    铁路机车车辆及动车组制造,3711, 铁路机车车辆及动车组制造,  内容变更，原3711部分内容调出
3712,    窄轨机车车辆制造,3712, 工矿有轨专用车辆制造,　更名
3713,    铁路机车车辆配件制造,3713, 铁路机车车辆配件制造,
3714,    铁路专用设备及器材、配件制造,3714, 铁路专用设备及器材、配件制造,  内容变更，原3714部分内容调出
3719,    其他铁路运输设备制造,3719, 其他铁路设备制造及设备修理,  更名，内容变更，原3719部分内容调出
3720,  城市轨道交通设备制造,3711, 铁路机车车辆及动车组制造,  新增，原3711部分内容调到此类
373,  船舶及相关装置制造,, ,
3731,    金属船舶制造,3751, 金属船舶制造,
3732,    非金属船舶制造,3752, 非金属船舶制造,
3733,    娱乐船和运动船制造,3753, 娱乐船和运动船的建造和修理,  内容变更，原3753部分内容调出
3734,    船用配套设备制造,3754, 船用配套设备制造,
3735,    船舶改装与拆除,3755, 船舶修理及拆船,  内容变更，原3755部分内容调出
3739,    航标器材及其他相关装置制造,3759, 航标器材及其他浮动装置的制造,  更名，内容变更，原3759部分内容调出
374,  航空、航天器及设备制造,, ,
3741,    飞机制造,3761, 飞机制造及修理,  内容变更，原3761部分内容调出
3742,    航天器制造,3762, 航天器制造,
3743,    航空、航天相关设备制造,3669, 航空、航天及其他专用设备制造, 调整，从原“36 专用设备制造业”调到此类  
3749,    其他航空航天器制造,3769, 其他飞行器制造,
375,  摩托车制造,, ,
3751,    摩托车整车制造,3731, 摩托车整车制造,
3752,    摩托车零部件及配件制造,3732, 摩托车零部件及配件制造,
376,  自行车制造,, ,
3761,    脚踏自行车及残疾人座车制造,3741, 脚踏自行车及残疾人座车制造,
3762,    助动自行车制造,3742, 助动自行车制造,
3770,  非公路休闲车及零配件制造,3741, 脚踏自行车及残疾人座车制造,  新增，原3741、3742、3799部分内容调到此类
,,3742, 助动自行车制造,
,,3799,其他交通运输设备制造,
379,  潜水救捞及其他未列明运输设备制造,,,
3791,    潜水及水下救捞装备制造,3791, 潜水及水下救捞装备制造,
3799,    其他未列明运输设备制造,3799, 其他交通运输设备制造,  内容变更，原3799部分内容调出
38,电气机械和器材制造业 ,,,
381,  电机制造,, ,
3811,    发电机及发电机组制造,3911, 发电机及发电机组制造,
3812,    电动机制造,3912, 电动机制造,
3819,    微电机及其他电机制造,3919, 微电机及其他电机制造,
382,  输配电及控制设备制造,, ,
3821,    变压器、整流器和电感器制造,3921, 变压器、整流器和电感器制造,
3822,    电容器及其配套设备制造,3922, 电容器及其配套设备制造,
3823,    配电开关控制设备制造,3923, 配电开关控制设备制造,
3824,    电力电子元器件制造,3924, 电力电子元器件制造,
3825,    光伏设备及元器件制造,3929, 其他输配电及控制设备制造,  新增，原3929部分内容调到此类
3829,    其他输配电及控制设备制造,3929, 其他输配电及控制设备制造,  内容变更，原3929部分内容调出
383,  电线、电缆、光缆及电工器材制造,, ,
3831,    电线、电缆制造,3931, 电线电缆制造,
3832,    光纤、光缆制造,3932, 光纤、光缆制造,
3833,    绝缘制品制造,3933, 绝缘制品制造,
3839,    其他电工器材制造,3939, 其他电工器材制造,
384,  电池制造,,,
3841,    锂离子电池制造,3940, 电池制造,  新增，将原3940分解
3842,    镍氢电池制造,3940, 电池制造,  新增，将原3940分解
3849,    其他电池制造,3940, 电池制造,  新增，将原3940分解
385,  家用电力器具制造,, ,
3851,    家用制冷电器具制造,3951, 家用制冷电器具制造,
3852,    家用空气调节器制造,3952, 家用空气调节器制造,
3853,    家用通风电器具制造,3953, 家用通风电器具制造,
3854,    家用厨房电器具制造,3954, 家用厨房电器具制造,
3855,    家用清洁卫生电器具制造,3955, 家用清洁卫生电器具制造,
3856,    家用美容、保健电器具制造,3956, 家用美容、保健电器具制造,
3857,    家用电力器具专用配件制造,3957, 家用电力器具专用配件制造,
3859,    其他家用电力器具制造,3959, 其他家用电力器具制造,
386,  非电力家用器具制造,, ,
3861,    燃气、太阳能及类似能源家用器具制造,3961, 燃气、太阳能及类似能源的器具制造,
3869,    其他非电力家用器具制造,3969, 其他非电力家用器具制造,
387,  照明器具制造,, ,
3871,    电光源制造,3971, 电光源制造,
3872,    照明灯具制造,3972, 照明灯具制造,  内容变更，原3972归入此类，原3991部分内容调到此类
,,3991, 车辆专用照明及电气信号设备装置制造,
3879,    灯用电器附件及其他照明器具制造,3979, 灯用电器附件及其他照明器具制造,
389,  其他电气机械及器材制造,, ,
3891,    电气信号设备装置制造,3696, 交通安全及管制专用设备制造,  内容变更，原3991部分内容调出，原3696、3714、3999部分内容调到此类
,,3714, 铁路专用设备及器材、配件制造,
,,3991, 车辆专用照明及电气信号设备装置制造,
,,3999, 其他未列明的电气机械制造,
3899,    其他未列明电气机械及器材制造,3999, 其他未列明的电气机械制造,  内容变更，原3999部分内容调出
39,计算机、通信和其他电子设备制造业,, ,
391,  计算机制造,, ,
3911,    计算机整机制造,4041, 电子计算机整机制造,
3912,    计算机零部件制造,4043, 电子计算机外部设备制造,　新增，将原4043分解
3913,    计算机外围设备制造,4043, 电子计算机外部设备制造,　新增，将原4043分解
3919,    其他计算机制造,4042, 计算机网络设备制造,　新增，原4042对应此类，原4043部分内容调到此类 
,,4043,电子计算机外部设备制造,
392,  通信设备制造,, ,
3921,    通信系统设备制造,4011, 通信传输设备制造,  新增，原4011、4012、4019合并为此类
,,4012, 通信交换设备制造,
,,4019, 其他通信设备制造,
3922,    通信终端设备制造,4013, 通信终端设备制造,  新增，原4013、4014合并为此类
,,4014, 移动通信及终端设备制造,
393,  广播电视设备制造,, ,
3931,    广播电视节目制作及发射设备制造,4031, 广播电视节目制作及发射设备制造,
3932,    广播电视接收设备及器材制造,4032, 广播电视接收设备及器材制造,
3939,    应用电视设备及其他广播电视设备制造,4039, 应用电视设备及其他广播电视设备制造,
3940,  雷达及配套设备制造,4020, 雷达及配套设备制造,
395,  视听设备制造,, ,
3951,    电视机制造,4071, 家用影视设备制造,  新增，将原4071分解
3952,    音响设备制造,4072, 家用音响设备制造,  更名
3953,    影视录放设备制造,4071, 家用影视设备制造,  新增，将原4071分解
396,  电子器件制造,, ,
3961,    电子真空器件制造,4051, 电子真空器件制造,
3962,    半导体分立器件制造,4052, 半导体分立器件制造,
3963,    集成电路制造,4053, 集成电路制造,
3969,    光电子器件及其他电子器件制造,4059, 光电子器件及其他电子器件制造,
397,  电子元件制造,, ,
3971,    电子元件及组件制造,4061, 电子元件及组件制造,
3972,    印制电路板制造,4062, 印制电路板制造,
3990,  其他电子设备制造,4090, 其他电子设备制造,
40,仪器仪表制造业,, ,
401,  通用仪器仪表制造,, ,
4011,    工业自动控制系统装置制造,4111, 工业自动控制系统装置制造,
4012,    电工仪器仪表制造,4112, 电工仪器仪表制造,
4013,    绘图、计算及测量仪器制造,4113, 绘图、计算及测量仪器制造,
4014,    实验分析仪器制造,4114, 实验分析仪器制造,
4015,    试验机制造,4115, 试验机制造,
4019,    供应用仪表及其他通用仪器制造,4119, 供应用仪表及其他通用仪器制造,
402,  专用仪器仪表制造,, ,
4021,    环境监测专用仪器仪表制造,4121, 环境监测专用仪器仪表制造,
4022,    运输设备及生产用计数仪表制造,4122, 汽车及其他用计数仪表制造,
4023,    导航、气象及海洋专用仪器制造,4123, 导航、气象及海洋专用仪器制造,
4024,    农林牧渔专用仪器仪表制造,4124, 农林牧渔专用仪器仪表制造,
4025,    地质勘探和地震专用仪器制造,4125, 地质勘探和地震专用仪器制造,
4026,    教学专用仪器制造,4126, 教学专用仪器制造,
4027,    核子及核辐射测量仪器制造,4127, 核子及核辐射测量仪器制造,
4028,    电子测量仪器制造 ,4128, 电子测量仪器制造,
4029,    其他专用仪器制造,4129, 其他专用仪器制造,
4030,  钟表与计时仪器制造,4130, 钟表与计时仪器制造,
404,  光学仪器及眼镜制造,, ,
4041,    光学仪器制造,4141, 光学仪器制造,
4042,    眼镜制造,4142, 眼镜制造,
4090,  其他仪器仪表制造业,4190, 其他仪器仪表的制造及修理,  内容变更，原4190部分内容调出
41,其他制造业,, ,
411,  日用杂品制造,, ,
4111,    鬃毛加工、制刷及清扫工具制造,4222, 鬃毛加工、制刷及清扫工具的制造,
4119,    其他日用杂品制造,4229, 其他日用杂品制造,
4120,  煤制品制造,4230, 煤制品制造,
4130,  核辐射加工,4240, 核辐射加工,
4190,  其他未列明制造业,4290, 其他未列明的制造业,
42,废弃资源综合利用业  ,, ,
4210,  金属废料和碎屑加工处理,4310, 金属废料和碎屑的加工处理,
4220,  非金属废料和碎屑加工处理,4320, 非金属废料和碎屑的加工处理,
43,金属制品、机械和设备修理业,, ,
4310,  金属制品修理,3411, 金属结构制造,  新增，原3411、3431、3432部分内容调到此类
,,3431, 集装箱制造,
,,3432, 金属压力容器制造,
4320,  通用设备修理,3583, 机械零部件加工及设备修理,  新增，原3583部分内容调到此类
4330,  专用设备修理,3679, 其他农林牧渔业机械制造及机械修理,  新增，原3679、3681、3682、3683、3684、3685、3689、3699部分内容调到此类
,,3681, 医疗诊断、监护及治疗设备制造,
,,3682, 口腔科用设备及器具制造,
,,3683, 实验室及医用消毒设备和器具的制造,
,,3684, 医疗、外科及兽医用器械制造,
,,3685, 机械治疗及病房护理设备制造,
,,3689, 其他医疗设备及器械制造,
,,3699, 其他专用设备制造,
434,  铁路、船舶、航空航天等运输设备修理,, ,
4341,    铁路运输设备修理,3719, 其他铁路设备制造及设备修理,  新增，原3719部分内容调到此类
4342,    船舶修理,3753, 娱乐船和运动船的建造和修理,  新增，原3753、3755部分内容调到此类
,,3755, 船舶修理及拆船,
4343,    航空航天器修理,3761, 飞机制造及修理,  新增，原3761部分内容调到此类
4349,    其他运输设备修理,3799, 其他交通运输设备制造,  新增，原3799部分内容调到此类
4350,  电气设备修理,3999, 其他未列明的电气机械制造,  新增，原3999部分内容调到此类
4360,  仪器仪表修理,4190, 其他仪器仪表的制造及修理,  新增，原4190部分内容调到此类
4390,  其他机械和设备修理业,3583, 机械零部件加工及设备修理,  新增，原3583部分内容调到此类
D,电力、热力、燃气及水生产和供应业,, ,
44,电力、热力生产和供应业,, ,
441,  电力生产,, ,
4411,    火力发电,4411, 火力发电,
4412,    水力发电,4412, 水力发电,
4413,    核力发电,4413, 核力发电,
4414,    风力发电,4419, 其他能源发电,  新增，原4419部分内容调到此类
4415,    太阳能发电,4419, 其他能源发电,  新增，原4419部分内容调到此类
4419,    其他电力生产,4419, 其他能源发电,  内容变更，原4419部分内容调出
4420,  电力供应,4420, 电力供应,
4430,  热力生产和供应,4430, 热力生产和供应,
45,燃气生产和供应业  ,, ,
4500,  燃气生产和供应业,4500, 燃气生产和供应业,
46,水的生产和供应业  ,, ,
4610,  自来水生产和供应,4610, 自来水的生产和供应,
4620,  污水处理及其再生利用,4620, 污水处理及其再生利用,
4690,  其他水的处理、利用与分配,4690, 其他水的处理、利用与分配,
E,建筑业,, ,
47,房屋建筑业,, ,
4700,  房屋建筑业,4710, 房屋工程建筑,
48,土木工程建筑业,, ,
481,  铁路、道路、隧道和桥梁工程建筑    ,, ,
4811,    铁路工程建筑    ,4721, 铁路、道路、隧道和桥梁工程建筑,  新增，将原4721分解
4812,    公路工程建筑    ,4721, 铁路、道路、隧道和桥梁工程建筑,  新增，将原4721分解
4813,    市政道路工程建筑   ,4721, 铁路、道路、隧道和桥梁工程建筑,  新增，将原4721分解
4819,    其他道路、隧道和桥梁工程建筑     ,4721, 铁路、道路、隧道和桥梁工程建筑,  新增，将原4721分解
482,  水利和内河港口工程建筑,, ,
4821,    水源及供水设施工程建筑,4722, 水利和港口工程建筑,  新增，将原4722分解
4822,    河湖治理及防洪设施工程建筑,4722, 水利和港口工程建筑,  新增，将原4722分解
4823,    港口及航运设施工程建筑,4722, 水利和港口工程建筑,  新增，将原4722分解
4830,  海洋工程建筑,4722, 水利和港口工程建筑,  新增，将原4722分解
4840,  工矿工程建筑,4723, 工矿工程建筑,
485,  架线和管道工程建筑,, ,
4851,    架线及设备工程建筑,4724, 架线和管道工程建筑,  新增，将原4724分解
4852,    管道工程建筑,4724, 架线和管道工程建筑,  新增，将原4724分解
4890,  其他土木工程建筑,4729, 其他土木工程建筑,
49,建筑安装业,, ,
4910,  电气安装,4800, 建筑安装业,  新增，将原4800分解
4920,  管道和设备安装,4800, 建筑安装业,  新增，将原4800分解
4990,  其他建筑安装业,4800, 建筑安装业,  新增，将原4800分解
50,建筑装饰和其他建筑业,, ,
5010,  建筑装饰业,4900, 建筑装饰业,
502,  工程准备活动,, ,
5021,    建筑物拆除活动,5010, 工程准备,  新增，将原5010分解
5029,    其他工程准备活动,5010, 工程准备,  新增，将原5010分解
5030,  提供施工设备服务,5020, 提供施工设备服务,
5090,  其他未列明建筑业,5090, 其他未列明的建筑活动,
F,批发和零售业,, ,
51,批发业,, ,
511,  农、林、牧产品批发,, ,
5111,    谷物、豆及薯类批发,6311, 谷物、豆及薯类批发,
5112,    种子批发,6312, 种子、饲料批发,  新增，将原6312分解
5113,    饲料批发,6312, 种子、饲料批发,  新增，将原6312分解
5114,    棉、麻批发,6313, 棉、麻批发,
5115,    林业产品批发,6319, 其他农畜产品批发,  新增，原6319部分内容调到此类
5116,    牲畜批发,6314, 牲畜批发,
5119,    其他农牧产品批发,6319, 其他农畜产品批发,  内容变更，原6319部分内容调出
512,  食品、饮料及烟草制品批发,, ,
5121,    米、面制品及食用油批发,6321, 米、面制品及食用油批发,
5122,    糕点、糖果及糖批发,6322, 糕点、糖果及糖批发,
5123,    果品、蔬菜批发,6323, 果品、蔬菜批发,
5124,    肉、禽、蛋、奶及水产品批发,6324, 肉、禽、蛋及水产品批发,  内容变更，原6324归入此类，原6326部分内容调到此类
,,6326, 饮料及茶叶批发,
5125,    盐及调味品批发,6325, 盐及调味品批发,
5126,    营养和保健品批发,6329, 其他食品批发,  新增，原6329部分内容调到此类
5127,    酒、饮料及茶叶批发,6326, 饮料及茶叶批发,  更名，内容变更，原6326部分内容调出
5128,    烟草制品批发,6327, 烟草制品批发,
5129,    其他食品批发,6329, 其他食品批发,  内容变更，原6329部分内容调出
513,  纺织、服装及家庭用品批发,, ,
5131,    纺织品、针织品及原料批发,6331, 纺织品、针织品及原料批发,
5132,    服装批发,6332, 服装批发,
5133,    鞋帽批发,6333, 鞋帽批发,
5134,    化妆品及卫生用品批发,6335, 化妆品及卫生用品批发,
5135,    厨房、卫生间用具及日用杂货批发,6334, 厨房、卫生间用具及日用杂货批发,
5136,    灯具、装饰物品批发,6339, 其他日用品批发,  新增，原6339部分内容调到此类
5137,    家用电器批发,6374, 家用电器批发,
5139,    其他家庭用品批发,6339, 其他日用品批发,  内容变更，原6339部分内容调出
514,  文化、体育用品及器材批发,, ,
5141,    文具用品批发,6341, 文具用品批发,
5142,    体育用品及器材批发,6342, 体育用品批发,
5143,    图书批发,6343, 图书批发,
5144,    报刊批发,6344, 报刊批发,
5145,    音像制品及电子出版物批发,6345, 音像制品及电子出版物批发,
5146,    首饰、工艺品及收藏品批发,6346, 首饰、工艺品及收藏品批发,
5149,    其他文化用品批发,6349, 其他文化用品批发,
515,  医药及医疗器材批发,, ,
5151,    西药批发,6351, 西药批发,
5152,    中药批发,6352, 中药材及中成药批发,  更名
5153,    医疗用品及器材批发,6353, 医疗用品及器材批发,
516,  矿产品、建材及化工产品批发,, ,
5161,    煤炭及制品批发,6361, 煤炭及制品批发,
5162,    石油及制品批发,6362, 石油及制品批发,
5163,    非金属矿及制品批发,6363, 非金属矿及制品批发,
5164,    金属及金属矿批发,6364, 金属及金属矿批发,
5165,    建材批发  ,6365, 建材批发,
5166,    化肥批发,6366, 化肥批发,
5167,    农药批发,6367, 农药批发,
5168,    农用薄膜批发,6368, 农用薄膜批发,
5169,    其他化工产品批发  ,6369, 其他化工产品批发,
517,  机械设备、五金产品及电子产品批发,, ,
5171,    农业机械批发,6371, 农业机械批发,
5172,    汽车批发,6372, 汽车、摩托车及零配件批发,  新增，将原6372分解
5173,    汽车零配件批发,6372, 汽车、摩托车及零配件批发,  新增，将原6372分解
5174,    摩托车及零配件批发,6372, 汽车、摩托车及零配件批发,  新增，将原6372分解
5175,    五金产品批发,6373, 五金、交电批发,  内容变更，原6373部分内容调出
5176,    电气设备批发,6373, 五金、交电批发,  新增，原6373、6379部分内容调到此类
,,6379,其他机械设备及电子产品批发,
5177,    计算机、软件及辅助设备批发,6375, 计算机、软件及辅助设备批发,
5178,    通讯及广播电视设备批发,6376, 通讯及广播电视设备批发,
5179,    其他机械设备及电子产品批发,6379, 其他机械设备及电子产品批发,  内容变更，原6379部分内容调出
518,  贸易经纪与代理,, ,
5181,    贸易代理,6380, 贸易经纪与代理,  新增，将原6380分解
5182,    拍卖 ,6380, 贸易经纪与代理,  新增，将原6380分解
5189,    其他贸易经纪与代理,6380, 贸易经纪与代理,  新增，将原6380分解
519,  其他批发业,, ,
5191,    再生物资回收与批发,6391, 再生物资回收与批发,
5199,    其他未列明批发业,6399, 其他未列明的批发,
52,零售业,, ,
521,  综合零售,, ,
5211,    百货零售,6511, 百货零售,
5212,    超级市场零售,6512, 超级市场零售,
5219,    其他综合零售,6519, 其他综合零售,
522,  食品、饮料及烟草制品专门零售,, ,
5221,    粮油零售,6521, 粮油零售,
5222,    糕点、面包零售,6522, 糕点、面包零售,
5223,    果品、蔬菜零售,6523, 果品、蔬菜零售,
5224,    肉、禽、蛋、奶及水产品零售,6524, 肉、禽、蛋及水产品零售,  内容变更，原6524归入此类，原6525部分内容调到此类
,,6525, 饮料及茶叶零售,
5225,    营养和保健品零售,6529, 其他食品零售,  新增，原6529部分内容调到此类
5226,    酒、饮料及茶叶零售,6525, 饮料及茶叶零售,  更名，内容变更，原6525部分内容调出
5227,    烟草制品零售,6526, 烟草制品零售,
5229,    其他食品零售,6529, 其他食品零售,  内容变更，原6529部分内容调出
523,  纺织、服装及日用品专门零售,, ,
5231,    纺织品及针织品零售,6531, 纺织品及针织品零售,
5232,    服装零售,6532, 服装零售,
5233,    鞋帽零售,6533, 鞋帽零售,
5234,    化妆品及卫生用品零售,6535, 化妆品及卫生用品零售,
5235,    钟表、眼镜零售,6534, 钟表、眼镜零售,
5236,    箱、包零售,6539, 其他日用品零售,  新增，原6539部分内容调到此类
5237,    厨房用具及日用杂品零售,6539, 其他日用品零售,  新增，原6539部分内容调到此类
5238,    自行车零售,6539, 其他日用品零售,  新增，原6539部分内容调到此类
5239,    其他日用品零售,6539, 其他日用品零售,  内容变更，原6539部分内容调出，原6594归入此类
,,6594, 花卉零售,
524,  文化、体育用品及器材专门零售,, ,
5241,    文具用品零售,6541, 文具用品零售,
5242,    体育用品及器材零售,6542, 体育用品零售,
5243,    图书、报刊零售,6543, 图书零售,  新增，原6543、6544合并为此类
,,6544, 报刊零售,
5244,    音像制品及电子出版物零售,6545, 音像制品及电子出版物零售,
5245,    珠宝首饰零售,6546, 珠宝首饰零售,
5246,    工艺美术品及收藏品零售,6547, 工艺美术品及收藏品零售,
5247,    乐器零售,6549, 其他文化用品零售, 新增，原6549部分内容调到此处
5248,    照相器材零售,6548, 照相器材零售,
5249,    其他文化用品零售,6549, 其他文化用品零售,内容变更，原6549部分内容调出
525,  医药及医疗器材专门零售,, ,
5251,    药品零售,6551, 药品零售,
5252,    医疗用品及器材零售,6552, 医疗用品及器材零售,
526,  汽车、摩托车、燃料及零配件专门零售,, ,
5261,    汽车零售,6561, 汽车零售,
5262,    汽车零配件零售,6562, 汽车零配件零售,
5263,    摩托车及零配件零售,6563, 摩托车及零配件零售,
5264,    机动车燃料零售,6564, 机动车燃料零售,
527,  家用电器及电子产品专门零售 ,, ,
5271,    家用视听设备零售,6571, 家用电器零售,  新增，将原6571分解
5272,    日用家电设备零售,6571, 家用电器零售,  新增，将原6571分解
5273,    计算机、软件及辅助设备零售,6572, 计算机、软件及辅助设备零售,
5274,    通信设备零售,6573, 通信设备零售,
5279,    其他电子产品零售,6579, 其他电子产品零售,
528,  五金、家具及室内装饰材料专门零售,, ,
5281,    五金零售,6581, 五金零售,
5282,    灯具零售,6539, 其他日用品零售,  新增，原6539部分内容调到此类
5283,    家具零售,6582, 家具零售,
5284,    涂料零售,6583, 涂料零售,
5285,    卫生洁具零售,6589, 其他室内装修材料零售,  新增，原6589部分内容调到此类
5286,    木质装饰材料零售,6589, 其他室内装修材料零售,  新增，原6589部分内容调到此类
5287,    陶瓷、石材装饰材料零售,6589, 其他室内装修材料零售,  新增，原6589部分内容调到此类
5289,    其他室内装饰材料零售,6589, 其他室内装修材料零售,  内容变更，原6589部分内容调出
529,  货摊、无店铺及其他零售业,, ,
5291,    货摊食品零售,6591, 流动货摊零售,  新增，将原6591分解
5292,    货摊纺织、服装及鞋零售,6591, 流动货摊零售,  新增，将原6591分解
5293,    货摊日用品零售,6591, 流动货摊零售,  新增，将原6591分解
5294,    互联网零售,6592, 邮购及电子销售,  新增，原6592部分内容调到此类
5295,    邮购及电视、电话零售,6592, 邮购及电子销售,  内容变更，原6592部分内容调出
5296,    旧货零售,6595, 旧货零售,
5297,    生活用燃料零售,6593, 生活用燃料零售,
5299,    其他未列明零售业,6599, 其他未列明的零售,
G,交通运输、仓储和邮政业,, ,
53,铁路运输业,, ,
5310,  铁路旅客运输,5110, 铁路旅客运输,
5320,  铁路货物运输,5120, 铁路货物运输,
533,  铁路运输辅助活动,, ,
5331,    客运火车站,5131, 客运火车站,
5332,    货运火车站,5132, 货运火车站,
5339,    其他铁路运输辅助活动,5139, 其他铁路运输辅助活动,
54,道路运输业,, ,
541,  城市公共交通运输,, ,
5411,    公共电汽车客运,5310, 公共电汽车客运,
5412,    城市轨道交通,5320, 轨道交通,  更名
5413,    出租车客运,5330, 出租车客运,
5419,    其他城市公共交通运输     ,5390, 其他城市公共交通,
5420,  公路旅客运输,5210, 公路旅客运输,
5430,  道路货物运输,5220, 道路货物运输,
544,  道路运输辅助活动,, ,
5441,    客运汽车站,5231, 客运汽车站,
5442,    公路管理与养护,5232, 公路管理与养护,
5449,    其他道路运输辅助活动,5239, 其他道路运输辅助活动,
55,水上运输业,, ,
551,  水上旅客运输,, ,
5511,    海洋旅客运输,5411, 远洋旅客运输,  新增，原5411、5412合并为此类
,,5412, 沿海旅客运输,
5512,    内河旅客运输,5413, 内河旅客运输,  内容变更，原5413部分内容调出
5513,    客运轮渡运输,5340, 城市轮渡,  新增，原5340归入此类，原5413部分内容调到此类
,,5413, 内河旅客运输,
552,  水上货物运输,, ,
5521,    远洋货物运输,5421, 远洋货物运输,
5522,    沿海货物运输,5422, 沿海货物运输,
5523,    内河货物运输,5423, 内河货物运输,
553,  水上运输辅助活动,, ,
5531,    客运港口,5431, 客运港口,
5532,    货运港口,5432, 货运港口,
5539,    其他水上运输辅助活动,5439, 其他水上运输辅助活动,
56,航空运输业 ,, ,
561,  航空客货运输,, ,
5611,    航空旅客运输,5511, 航空旅客运输,
5612,    航空货物运输,5512, 航空货物运输,
5620,  通用航空服务,5520, 通用航空服务,
563,  航空运输辅助活动,, ,
5631,    机场,5531, 机场,
5632,    空中交通管理,5532, 空中交通管理,
5639,    其他航空运输辅助活动,5539, 其他航空运输辅助活动,
57,管道运输业 ,, ,
5700,  管道运输业,5600, 管道运输业,
58,装卸搬运和运输代理业,, ,
5810,  装卸搬运,5710, 装卸搬运,
582,  运输代理业,, ,
5821,    货物运输代理,5720, 运输代理服务,  新增，将原5720分解
5822,    旅客票务代理,5720, 运输代理服务,  新增，将原5720分解
5829,    其他运输代理业,5720, 运输代理服务,  新增，将原5720分解
59,仓储业 ,, ,
591,  谷物、棉花等农产品仓储,, ,
5911,    谷物仓储,5810, 谷物、棉花等农产品仓储,  新增，将原5810分解
5912,    棉花仓储,5810, 谷物、棉花等农产品仓储,  新增，将原5810分解
5919,    其他农产品仓储,5810, 谷物、棉花等农产品仓储,  新增，将原5810分解
5990,  其他仓储业,5890, 其他仓储,
60,邮政业,, ,
6010,  邮政基本服务,5910, 国家邮政,  更名，内容变更，原5910部分内容调出
6020,  快递服务,5910,国家邮政,  更名，内容变更，原5990归入此类，原5910部分内容调到此类
,,5990, 其他寄递服务,
H,住宿和餐饮业,, ,
61,住宿业,, ,
6110,  旅游饭店,6610, 旅游饭店,
6120,  一般旅馆,6620, 一般旅馆,
6190,  其他住宿业,6690, 其他住宿服务,
62,餐饮业,, ,
6210,  正餐服务,6710, 正餐服务,
6220,  快餐服务,6720, 快餐服务,
623,  饮料及冷饮服务,,,
6231,    茶馆服务,6730, 饮料及冷饮服务,  新增，将原6730分解
6232,    咖啡馆服务,6730, 饮料及冷饮服务,  新增，将原6730分解
6233,    酒吧服务 ,6730, 饮料及冷饮服务,  新增，将原6730分解
6239,    其他饮料及冷饮服务,6730, 饮料及冷饮服务,  新增，将原6730分解
629,  其他餐饮业,, ,
6291,    小吃服务,6790, 其他餐饮服务,  新增，将原6790分解
6292,    餐饮配送服务,6790, 其他餐饮服务,  新增，将原6790分解
6299,    其他未列明餐饮业,6790, 其他餐饮服务,  新增，将原6790分解
I,信息传输、软件和信息技术服务业,, ,
63,电信、广播电视和卫星传输服务,, ,
631,  电信,, ,
6311,    固定电信服务,6011, 固定电信服务,
6312,    移动电信服务,6012, 移动电信服务,
6319,    其他电信服务,6019, 其他电信服务,  内容变更，原6019部分内容调出
632,  广播电视传输服务,, ,
6321,    有线广播电视传输服务,6031, 有线广播电视传输服务,
6322,    无线广播电视传输服务,6032, 无线广播电视传输服务,
6330,  卫星传输服务,6040, 卫星传输服务,
64,互联网和相关服务,, ,
6410,  互联网接入及相关服务,6019, 其他电信服务,  新增，原6019部分内容调到此类
6420,  互联网信息服务,6020, 互联网信息服务,
6490,  其他互联网服务,6019, 其他电信服务,  新增，原6019部分内容调到此类
65,软件和信息技术服务业,, ,
6510,  软件开发,6211, 基础软件服务,  新增，原6211、6290归入此类，原6212部分内容归入此类
,,6212, 应用软件服务,
,,6290, 其他软件服务,
6520,  信息系统集成服务,6110, 计算机系统服务,  更名，内容变更，原6110部分内容调出
6530,  信息技术咨询服务,6110, 计算机系统服务,  新增，原6110、6190部分内容调到此类
,,6190, 其他计算机服务,
6540,  数据处理和存储服务,6120,数据处理,  更名
6550,  集成电路设计,6212, 应用软件服务,  新增，原6212部分内容调到此类
659,  其他信息技术服务业,, ,
6591,    数字内容服务,6212, 应用软件服务,  新增，原6212部分内容调到此类
6592,    呼叫中心,7499, 其他未列明的商务服务,  新增，原7499部分内容调到此类
6599,    其他未列明信息技术服务业,6190, 其他计算机服务,  新增，原6190部分内容调到此类
J,金融业,, ,
66,货币金融服务,, ,
6610,  中央银行服务,6810, 中央银行,  内容变更，原6810部分内容调出
6620,  货币银行服务,6820, 商业银行,  新增，原6820、6890、7140归入此类
,,6890, 其他银行,
,,7140, 邮政储蓄,
663,  非货币银行服务,, ,
6631,    金融租赁服务,7120, 金融租赁,
6632,    财务公司 ,7130, 财务公司,
6633,    典当,7150, 典当,
6639,    其他非货币银行服务,7190, 其他未列明的金融活动,  新增，原7190部分内容调到此类
6640,  银行监管服务,6810, 中央银行,  新增，原6810部分内容调到此类
67,资本市场服务,, ,
671,  证券市场服务,, ,
6711,    证券市场管理服务,6910, 证券市场管理,  新增，将原6910分解
6712,    证券经纪交易服务,6920, 证券经纪与交易,  新增，将原6920分解
6713,    基金管理服务,6920, 证券经纪与交易,  新增，将原6920分解
672,  期货市场服务,, ,
6721,    期货市场管理服务,6910, 证券市场管理,  新增，将原6910分解
6729,    其他期货市场服务,6920, 证券经纪与交易,  新增，将原6920分解
6730,  证券期货监管服务,6910, 证券市场管理,  新增，将原6910分解
6740,  资本投资服务,6930, 证券投资,  新增，原6930调到此类，原7412部分内容调到此类
,,7412, 投资与资产管理,
6790,  其他资本市场服务,6940, 证券分析与咨询,  更名
68,保险业,, ,
681,  人身保险,, ,
6811,    人寿保险,7010, 人寿保险,  内容变更，原7010部分内容调出
6812,    健康和意外保险,7020, 非人寿保险,  新增，原7020部分内容调到此类
6820,  财产保险,7020, 非人寿保险,  更名，内容变更，原7020部分内容调出
6830,  再保险,7010, 人寿保险,  新增，原7010、7020部分内容调到此类
,,7020, 非人寿保险,
6840,  养老金,7010, 人寿保险,  新增，原7010部分内容调到此类
6850,  保险经纪与代理服务,7030, 保险辅助服务,  新增，将原7030分解
6860,  保险监管服务,7030, 保险辅助服务,  新增，将原7030分解
689,  其他保险活动,, , 
6891,    风险和损失评估,7030, 保险辅助服务,  新增，将原7030分解
6899,    其他未列明保险活动 ,7030, 保险辅助服务,  新增，将原7030分解
69,其他金融业,, ,
6910,  金融信托与管理服务,7110, 金融信托与管理,
6920,  控股公司服务,7412, 投资与资产管理,  新增，原7412部分内容调到此类
6930,  非金融机构支付服务,7190, 其他未列明的金融活动,  新增，原7190部分内容调到此类
6940,  金融信息服务,7190, 其他未列明的金融活动,  新增，原7190部分内容调到此类
6990,  其他未列明金融业,7190, 其他未列明的金融活动,  内容变更，原7190部分内容调出
K,房地产业,, ,
70,房地产业,, ,
7010,  房地产开发经营,7210, 房地产开发经营,  内容变更，原7210部分内容调出
7020,  物业管理,7220, 物业管理,
7030,  房地产中介服务,7230, 房地产中介服务,
7040,  自有房地产经营活动,7210, 房地产开发经营,  新增，原7210部分内容调到此类
7090,  其他房地产业,7290, 其他房地产活动,
L,租赁和商务服务业,, ,
71,租赁业,, ,
711,  机械设备租赁,, ,
7111,    汽车租赁,7311, 汽车租赁,
7112,    农业机械租赁,7312, 农业机械租赁,
7113,    建筑工程机械与设备租赁,7313, 建筑工程机械与设备租赁,
7114,    计算机及通讯设备租赁,7314, 计算机及通讯设备租赁,
7119,    其他机械与设备租赁,7319, 其他机械与设备租赁,
712,  文化及日用品出租,, ,
7121,    娱乐及体育设备出租,7329, 其他文化及日用品出租,  新增，原7329部分内容调到此类
7122,    图书出租,7321, 图书及音像制品出租,  新增，将原7321分解
7123,    音像制品出租,7321, 图书及音像制品出租,  新增，将原7321分解
7129,    其他文化及日用品出租,7329, 其他文化及日用品出租,  内容变更，原7329部分内容调出
72,商务服务业,, ,
721,  企业管理服务,, ,
7211,    企业总部管理,7411, 企业管理机构,  更名
7212,    投资与资产管理,7412, 投资与资产管理,  内容变更，原7412部分内容调出
7213,    单位后勤管理服务,7419, 其他企业管理服务,  新增，原7419部分内容调到此类
7219,    其他企业管理服务,7419, 其他企业管理服务,  内容变更，原7419部分内容调出
722,  法律服务,, ,
7221,    律师及相关法律服务,7421, 律师及相关的法律服务,
7222,    公证服务,7422, 公证服务,
7229,    其他法律服务,7429, 其他法律服务,
723,  咨询与调查,, ,
7231,    会计、审计及税务服务,7431, 会计、审计及税务服务,
7232,    市场调查,7432, 市场调查,
7233,    社会经济咨询,7433, 社会经济咨询,
7239,    其他专业咨询,7439, 其他专业咨询,
7240,  广告业,7440, 广告业,
7250,  知识产权服务,7450, 知识产权服务,
726,  人力资源服务,, ,
7261,    公共就业服务,7460, 职业中介服务,  新增，将原7460分解
7262,    职业中介服务,7460, 职业中介服务,  新增，将原7460分解
7263,    劳务派遣服务,7460, 职业中介服务,  新增，将原7460分解
7269,    其他人力资源服务,7460, 职业中介服务,  新增，将原7460分解
727,  旅行社及相关服务,, ,
7271,    旅行社服务,7480, 旅行社,  新增，将原7480分解
7272,    旅游管理服务,7480, 旅行社,  新增，将原7480分解
7279,    其他旅行社相关服务,7480, 旅行社,  新增，将原7480分解
728,  安全保护服务,, ,
7281,    安全服务,7493, 保安服务,  新增，将原7493分解
7282,    安全系统监控服务,7493, 保安服务,  新增，将原7493分解
7289,    其他安全保护服务,7493, 保安服务,  新增，将原7493分解
729,  其他商务服务业,, ,
7291,    市场管理,7470, 市场管理,
7292,    会议及展览服务,7491, 会议及展览服务,
7293,    包装服务,7492, 包装服务,
7294,    办公服务,7494, 办公服务,
7295,    信用服务,7499, 其他未列明的商务服务,  新增，原7499部分内容调到此类
7296,    担保服务,7499, 其他未列明的商务服务,  新增，原7499部分内容调到此类
7299,    其他未列明商务服务业,7499, 其他未列明的商务服务,  内容变更，原7499部分内容调出
M,科学研究和技术服务业,, ,
73,研究和试验发展,, ,
7310,  自然科学研究和试验发展,7510, 自然科学研究与试验发展,
7320,  工程和技术研究和试验发展,7520, 工程和技术研究与试验发展,
7330,  农业科学研究和试验发展,7530, 农业科学研究与试验发展,
7340,  医学研究和试验发展,7540, 医学研究与试验发展,
7350,  社会人文科学研究,7550, 社会人文科学研究与试验发展,
74,专业技术服务业,, ,
7410,  气象服务,7610, 气象服务,
7420,  地震服务,7620, 地震服务,
7430,  海洋服务,7630, 海洋服务,
7440,  测绘服务,7640, 测绘服务,
7450,  质检技术服务,7650, 技术检测,  更名
746,  环境与生态监测,, ,
7461,    环境保护监测,7660, 环境监测,  新增，将原7660分解
7462,    生态监测,7660, 环境监测,  新增，将原7660分解
747,  地质勘查 ,, ,
7471,    能源矿产地质勘查,7811, 能源矿产地质勘查,
7472,    固体矿产地质勘查,7812, 固体矿产地质勘查,
7473,    水、二氧化碳等矿产地质勘查,7819, 其他矿产地质勘查,  更名
7474,    基础地质勘查,7820, 基础地质勘查,
7475,    地质勘查技术服务,7830, 地质勘查技术服务,
748,  工程技术,, ,
7481,    工程管理服务,7671, 工程管理服务,
7482,    工程勘察设计,7672, 工程勘察设计,
7483,    规划管理,7673, 规划管理,
749,  其他专业技术服务业,, ,
7491,    专业化设计服务,7690, 其他专业技术服务,  新增，原7690部分内容调到此类
7492,    摄影扩印服务,8280, 摄影扩印服务,  调整，从原“82 居民服务业”调到此类
7493,    兽医服务,0531, 兽医服务,  调整，从原“05 农、林、牧、渔服务业”调到此类
7499,    其他未列明专业技术服务业,7690, 其他专业技术服务,  内容变更，原7690部分内容调出
75,科技推广和应用服务业,, ,
751,  技术推广服务,, ,
7511,    农业技术推广服务,7710, 技术推广服务,  新增，将原7710分解
7512,    生物技术推广服务,7710, 技术推广服务,  新增，将原7710分解
7513,    新材料技术推广服务,7710, 技术推广服务,  新增，将原7710分解
7514,    节能技术推广服务,7710, 技术推广服务,  新增，将原7710分解
7519,    其他技术推广服务,7710, 技术推广服务,  新增，将原7710分解
7520,  科技中介服务,7720, 科技中介服务,
7590,  其他科技推广和应用服务业,7790, 其他科技服务,
N,水利、环境和公共设施管理业,, ,
76,水利管理业,, ,
7610,  防洪除涝设施管理,7910, 防洪管理,  更名
7620,  水资源管理,7929, 其他水资源管理,  更名
7630,  天然水收集与分配,7921, 水库管理,  新增，原7921、7922合并为此类
,,7922, 调水、引水管理,
7640,  水文服务,7990, 其他水利管理,  新增，原7990部分内容调到此类
7690,  其他水利管理业,7990, 其他水利管理,  内容变更，原7990部分内容调出
77,生态保护和环境治理业,, ,
771,  生态保护,, ,
7711,    自然保护区管理,8011, 自然保护区管理,
7712,    野生动物保护,8012, 野生动植物保护,  新增，将原8012分解
7713,    野生植物保护,8012, 野生动植物保护,  新增，将原8012分解
7719,    其他自然保护,8019, 其他自然保护,
772,  环境治理业,, ,
7721,    水污染治理,8023, 水污染治理,
7722,    大气污染治理,8029, 其他环境治理,  新增，原8029部分内容调到此类
7723,    固体废物治理,8024, 危险废物治理,  新增，将原8024分解
7724,    危险废物治理,8024, 危险废物治理,  新增，将原8024分解
7725,    放射性废物治理,8029, 其他环境治理,  新增，原8029部分内容调到此类
7729,    其他污染治理 ,8029, 其他环境治理,  内容变更，原8029部分内容调出
78,公共设施管理业,, ,
7810,  市政设施管理,8110, 市政公共设施管理,  更名
7820,  环境卫生管理,8022, 城市环境卫生管理,  更名，调整，从原“80 环境管理业”调到此类
7830,  城乡市容管理,8021, 城市市容管理, 
7840,  绿化管理,8120, 城市绿化管理,  更名
785,  公园和游览景区管理,,,
7851,    公园管理,8132, 公园管理,
7852,    游览景区管理,8131, 风景名胜区管理,  新增，原8131、8139合并为此类
,,8139, 其他游览景区管理,
O,居民服务、修理和其他服务业,, ,
79,居民服务业,, ,
7910,  家庭服务,8210, 家庭服务,
7920,  托儿所服务,8220, 托儿所,
7930,  洗染服务,8230, 洗染服务,
7940,  理发及美容服务,8240, 理发及美容保健服务,  更名，内容变更，原8240部分内容调出
7950,  洗浴服务,8250, 洗浴服务,
7960,  保健服务,8240, 理发及美容保健服务,  新增，原8240部分内容调到此类
7970,  婚姻服务,8260, 婚姻服务,
7980,  殡葬服务,8270, 殡葬服务,
7990,  其他居民服务业,8290, 其他居民服务,
80,机动车、电子产品和日用产品修理业,, ,
801,  汽车、摩托车修理与维护,, ,
8011,    汽车修理与维护,3726, 汽车修理,  更名、调整、内容变更，原“3726 汽车修理”调到此处，原8311部分内容归入此处
,,8311, 汽车、摩托车维护与保养,
,,,,
8012,    摩托车修理与维护,8311, 汽车、摩托车维护与保养,  新增，原8311被分解，部分内容调到此类
802,  计算机和办公设备维修,, ,
8021,    计算机和辅助设备修理,6130, 计算机维修,  更名、调整，从原“61计算机服务业”调到此类
8022,    通讯设备修理,8312, 办公设备维修,  新增，将原8312分解
8029,    其他办公设备维修,8312, 办公设备维修,  新增，将原8312分解
803,  家用电器修理,, ,
8031,    家用电子产品修理,8313, 家用电器修理,  新增，将原8313分解
8032,    日用电器修理,8313, 家用电器修理,  新增，将原8313分解
809,  其他日用产品修理业,, ,
8091,    自行车修理,8319, 其他日用品修理,  新增，将原8319分解
8092,    鞋和皮革修理,8319, 其他日用品修理,  新增，将原8319分解
8093,    家具和相关物品修理,8319, 其他日用品修理,  新增，将原8319分解
8099,    其他未列明日用产品修理业,8319, 其他日用品修理,  新增，将原8319分解
81,其他服务业,, ,
811,  清洁服务,, ,
8111,    建筑物清洁服务,8321, 建筑物清洁服务,
8119,    其他清洁服务,8329, 其他清洁服务,
8190,  其他未列明服务业,8390, 其他未列明的服务,
P,教育,, ,
82,教育,, ,
8210,  学前教育,8410, 学前教育,
822,  初等教育,, ,
8221,    普通小学教育,8420, 初等教育,  新增，将原8420分解
8222,    成人小学教育,8420, 初等教育,  新增，将原8420分解
823,  中等教育,, ,
8231,    普通初中教育,8431, 初中教育,  更名
8232,    职业初中教育,8434, 职业中学教育,  新增，将原8434分解，部分内容调到此类
8233,    成人初中教育,8439, 其他中等教育,  新增，将原8439分解
8234,    普通高中教育,8432, 高中教育,
8235,    成人高中教育,8439, 其他中等教育,  新增，将原8439分解
8236,    中等职业学校教育,8433, 中等专业教育,  新增，原8433、8435归入此类，原8434部分内容调到此类
,,8434, 职业中学教育,
,,8435, 技工学校教育,
824,  高等教育,, ,
8241,    普通高等教育,8441, 普通高等教育,
8242,    成人高等教育,8442, 成人高等教育,
8250,  特殊教育,8492, 特殊教育,
829,  技能培训、教育辅助及其他教育,, ,
8291,    职业技能培训,8491, 职业技能培训,  内容更新，原8491部分内容调出
8292,    体校及体育培训,9190, 其他体育,  新增，原9190部分内容调到此类
8293,    文化艺术培训,8491, 职业技能培训,  新增，原8491部分内容调到此类
8294,    教育辅助服务,8499, 其他未列明的教育,  新增，原8499部分内容调到此类
8299,    其他未列明教育,8499, 其他未列明的教育,  内容变更，原8499部分内容调出
Q,卫生和社会工作,, ,
83,卫生,, ,
831,  医院,, ,
8311,    综合医院,8511, 综合医院,
8312,    中医医院,8512, 中医医院,
8313,    中西医结合医院,8513, 中西医结合医院,
8314,    民族医院,8514, 民族医院,
8315,    专科医院,8515, 专科医院,
8316,    疗养院,8516, 疗养院,
832,  社区医疗与卫生院,, ,
8321,    社区卫生服务中心（站）,8520, 卫生院及社区医疗活动,  新增，将原8520分解
8322,    街道卫生院,8520, 卫生院及社区医疗活动,  新增，将原8520分解
8323,    乡镇卫生院,8520, 卫生院及社区医疗活动,  新增，将原8520分解
8330,  门诊部（所）,8530, 门诊部医疗活动,  更名
8340,  计划生育技术服务活动,8540, 计划生育技术服务活动, 
8350,  妇幼保健院（所、站）,8550, 妇幼保健活动,  更名
8360,  专科疾病防治院（所、站）,8560, 专科疾病防治活动,  更名
8370,  疾病预防控制中心,8570, 疾病预防控制及防疫活动,  更名
8390,  其他卫生活动,8590, 其他卫生活动,
84,社会工作,, ,
841,  提供住宿社会工作,, ,
8411,    干部休养所,8711, 干部休养所,
8412,    护理机构服务,8712, 收养收容服务,  新增，将原8712分解
8413,    精神康复服务,8712, 收养收容服务,  新增，将原8712分解
8414,    老年人、残疾人养护服务,8712, 收养收容服务,  新增，将原8712分解
8415,    孤残儿童收养和庇护服务,8712, 收养收容服务,  新增，将原8712分解
8419,    其他提供住宿社会救助,8712, 收养收容服务,  新增，将原8712分解
842,  不提供住宿社会工作,, ,
8421,    社会看护与帮助服务,8720, 不提供住宿的社会福利,  新增，将原8720分解
8429,    其他不提供住宿社会工作,8720, 不提供住宿的社会福利,  新增，将原8720分解
R,文化、体育和娱乐业,, ,
85,新闻和出版业,, ,
8510,  新闻业,8810, 新闻业,
852,  出版业,, ,
8521,    图书出版,8821, 图书出版,
8522,    报纸出版,8822, 报纸出版,
8523,    期刊出版,8823, 期刊出版,
8524,    音像制品出版,8824, 音像制品出版,
8525,    电子出版物出版,8825, 电子出版物出版,
8529,    其他出版业,8829, 其他出版,
86,广播、电视、电影和影视录音制作业,, ,
8610,  广播,8910, 广播,  内容变更，原8910部分内容调出
8620,  电视,8920, 电视,  内容变更，原8920部分内容调出
8630,  电影和影视节目制作,8920, 电视,  新增，原8920、8931、8940的部分内容调到此类
,,8931, 电影制作与发行,
,,8940, 音像制作,
8640,  电影和影视节目发行,8920, 电视,  新增，原8920、8931的部分内容调到此类
,,8931, 电影制作与发行,
8650,  电影放映,8932, 电影放映,
8660,  录音制作,8910, 广播,  新增，原8910、8940的部分内容调到此类
,,8940, 音像制作,  新增，原8910、8940的部分内容调到此类
87,文化艺术业,, ,
8710,  文艺创作与表演,9010, 文艺创作与表演,
8720,  艺术表演场馆,9020, 艺术表演场馆,
873,  图书馆与档案馆,, ,
8731,    图书馆,9031, 图书馆,
8732,    档案馆,9032, 档案馆,
8740,  文物及非物质文化遗产保护,9040, 文物及文化保护,  更名
8750,  博物馆,9050, 博物馆,
8760,  烈士陵园、纪念馆,9060, 烈士陵园、纪念馆,
8770,  群众文化活动,9070, 群众文化活动,
8790,  其他文化艺术业,9090, 其他文化艺术,
88,体育,, ,
8810,  体育组织,9110, 体育组织,
8820,  体育场馆,9120, 体育场馆,
8830,  休闲健身活动,9230, 休闲健身娱乐活动,  调整，从原“90 娱乐业”调到此类
8890,  其他体育,9190, 其他体育,  内容变更，原9190部分内容调出
89,娱乐业,, ,
891,  室内娱乐活动,, ,
8911,    歌舞厅娱乐活动,9210, 室内娱乐活动,  新增，将原9210分解
8912,    电子游艺厅娱乐活动,9210, 室内娱乐活动,  新增，将原9210分解
8913,    网吧活动,6190, 其他计算机服务,  新增，原6190部分内容调到此类
8919,    其他室内娱乐活动,9210, 室内娱乐活动,  新增，将原9210分解
8920,  游乐园,9220, 游乐园,
8930,  彩票活动,9290, 其他娱乐活动,  新增，原9290部分内容调到此类
894,  文化、娱乐、体育经纪代理,, ,
8941,    文化娱乐经纪人,7499, 其他未列明的商务服务,  新增，原7499部分内容调到此类，原9080被分解，部分内容归入此类
,,9080, 文化艺术经纪代理,
,,,,
8942,    体育经纪人,7499, 其他未列明的商务服务,  新增，原7499部分内容调到此类，原9190部分内容归入此类
,,9190, 其他体育,
8949,    其他文化艺术经纪代理,7499, 其他未列明的商务服务,  新增，原7499部分内容调到此类，原9080部分内容归入此类
,,9080, 文化艺术经纪代理,
8990,  其他娱乐业,9290, 其他娱乐活动,  内容变更，原9290部分内容调出
S,公共管理、社会保障和社会组织,, ,
90,中国共产党机关,, ,
9000,  中国共产党机关,9300, 中国共产党机关,
91,国家机构,, ,
9110,  国家权力机构,9410, 国家权力机构,
912,  国家行政机构,, ,
9121,    综合事务管理机构,9421, 综合事务管理机构,  内容变更，原9421与9426合并
,,9426, 政府事务管理机构,
9122,    对外事务管理机构,9422, 对外事务管理机构,
9123,    公共安全管理机构,9423, 公共安全管理机构,
9124,    社会事务管理机构,9424, 社会事务管理机构,
9125,    经济事务管理机构,9425, 经济事务管理机构,
9126,    行政监督检查机构,9427, 行政监督检查机构,
913,  人民法院和人民检察院,, ,
9131,    人民法院,9431, 人民法院,
9132,    人民检察院,9432, 人民检察院,
9190,  其他国家机构,9490, 其他国家机构,
92,人民政协、民主党派,, ,
9210,  人民政协,9510, 人民政协,
9220,  民主党派,9520, 民主党派,
93,社会保障,, ,
9300,  社会保障,8600, 社会保障业,
94,群众团体、社会团体和其他成员组织,, ,
941,  群众团体,, ,
9411,    工会,9611, 工会,
9412,    妇联,9612, 妇联,
9413,    共青团,9613, 共青团,
9419,    其他群众团体,9619, 其他群众团体,
942,  社会团体,, ,
9421,    专业性团体,9621, 专业性团体,
9422,    行业性团体,9622, 行业性团体,
9429,    其他社会团体,9629, 其他社会团体,  内容变更，原9629部分内容调出
9430,  基金会,9629, 其他社会团体,  新增，原9629部分内容调到此类
9440,  宗教组织,9630, 宗教组织,
95,基层群众自治组织,, ,
9510,  社区自治组织,9710, 社区自治组织,
9520,  村民自治组织,9720, 村民自治组织,
T,国际组织,, ,
96,国际组织,, ,
9600,  国际组织,9800, 国际组织,
